event_path,number_of_frames,exposure,burial,field_joint,anode,free_span,label
/media/scratch/astamoulakatos/nsea_video_jpegs/exp_and/Survey-2-2012__Project 1__IC2__KP145.020-155.882_A__DATA_20121007011736922__20121007011737719@DVR-1_Ch2__5,51,1,0,0,1,0,exp_and
/media/scratch/astamoulakatos/nsea_video_jpegs/exp_and/Survey-2-2012__Project 1__IC2__KP155.800-186.495_D__DATA_20120927171205859__20120927171206656@DVR-1_Ch2__34,32,1,0,0,1,0,exp_and
/media/scratch/astamoulakatos/nsea_video_jpegs/exp_and/Survey-2-2012__Project 1__IC2__KP145.020-155.882_A__DATA_20121007011736922__20121007011737719@DVR-1_Ch2__20,26,1,0,0,1,0,exp_and
/media/scratch/astamoulakatos/nsea_video_jpegs/exp_and/Survey-2-2012__Project 1__IC2__KP145.020-155.882_A__DATA_20121007011736922__20121007011737719@DVR-1_Ch2__1,21,1,0,0,1,0,exp_and
/media/scratch/astamoulakatos/nsea_video_jpegs/exp_and/Survey-2-2012__Project 1__IC2__KP155.800-186.495_D__DATA_20120927171205859__20120927171206656@DVR-1_Ch2__45,24,1,0,0,1,0,exp_and
/media/scratch/astamoulakatos/nsea_video_jpegs/exp_and/Survey-2-2012__Project 1__IC2__KP130.417-145.077_A__DATA_20120923222130797__20120923222131688@DVR-1_Ch2__192,103,1,0,0,1,0,exp_and
/media/scratch/astamoulakatos/nsea_video_jpegs/exp_and/Survey-2-2012__Project 1__IC2__KP155.800-186.495_D__DATA_20120927171205859__20120927171206656@DVR-1_Ch2__42,51,1,0,0,1,0,exp_and
/media/scratch/astamoulakatos/nsea_video_jpegs/exp_and/Survey-2-2012__Project 1__IC2__KP130.417-145.077_A__DATA_20120923200437187__20120923200437828@DVR-1_Ch2__149,36,1,0,0,1,0,exp_and
/media/scratch/astamoulakatos/nsea_video_jpegs/exp_and/Survey-2-2012__Project 1__IC2__KP145.020-155.882_A__DATA_20121007011736922__20121007011737719@DVR-1_Ch2__6,26,1,0,0,1,0,exp_and
/media/scratch/astamoulakatos/nsea_video_jpegs/exp_and/Survey-2-2012__Project 1__IC2__KP130.417-145.077_A__DATA_20120923200437187__20120923200437828@DVR-1_Ch2__140,34,1,0,0,1,0,exp_and
/media/scratch/astamoulakatos/nsea_video_jpegs/exp_and/Survey-2-2012__Project 1__IC2__KP130.417-145.077_A__DATA_20120924003102032__20120924003102719@DVR-1_Ch2__31,52,1,0,0,1,0,exp_and
/media/scratch/astamoulakatos/nsea_video_jpegs/exp_and/Survey-2-2012__Project 1__IC2__KP155.800-186.495_D__DATA_20120927171205859__20120927171206656@DVR-1_Ch2__32,19,1,0,0,1,0,exp_and
/media/scratch/astamoulakatos/nsea_video_jpegs/exp_and/Survey-2-2012__Project 1__IC2__KP130.417-145.077_A__DATA_20120923130505000__20120923130505812@DVR-1_Ch2__79,42,1,0,0,1,0,exp_and
/media/scratch/astamoulakatos/nsea_video_jpegs/exp_and/Survey-2-2012__Project 1__IC2__KP155.800-186.495_D__DATA_20120927171205859__20120927171206656@DVR-1_Ch2__46,29,1,0,0,1,0,exp_and
/media/scratch/astamoulakatos/nsea_video_jpegs/exp_and/Survey-2-2012__Project 1__IC2__KP155.800-186.495_D__DATA_20120927015213796__20120927015214843@DVR-1_Ch2__13,30,1,0,0,1,0,exp_and
/media/scratch/astamoulakatos/nsea_video_jpegs/exp_and/Survey-2-2012__Project 1__IC2__KP145.020-155.882_A__DATA_20121007011736922__20121007011737719@DVR-1_Ch2__10,31,1,0,0,1,0,exp_and
/media/scratch/astamoulakatos/nsea_video_jpegs/exp_and/Survey-2-2012__Project 1__IC2__KP155.800-186.495_D__DATA_20120927015213796__20120927015214843@DVR-1_Ch2__6,41,1,0,0,1,0,exp_and
/media/scratch/astamoulakatos/nsea_video_jpegs/exp_and/Survey-2-2012__Project 1__IC2__KP155.800-186.495_D__DATA_20120927171205859__20120927171206656@DVR-1_Ch2__23,37,1,0,0,1,0,exp_and
/media/scratch/astamoulakatos/nsea_video_jpegs/exp_and/Survey-2-2012__Project 1__IC2__KP155.800-186.495_D__DATA_20120927015213796__20120927015214843@DVR-1_Ch2__2,49,1,0,0,1,0,exp_and
/media/scratch/astamoulakatos/nsea_video_jpegs/exp_and/Survey-2-2012__Project 1__IC2__KP130.417-145.077_A__DATA_20120923222130797__20120923222131688@DVR-1_Ch2__196,42,1,0,0,1,0,exp_and
/media/scratch/astamoulakatos/nsea_video_jpegs/exp_and/Survey-2-2012__Project 1__IC2__KP145.020-155.882_A__DATA_20121007011736922__20121007011737719@DVR-1_Ch2__19,28,1,0,0,1,0,exp_and
/media/scratch/astamoulakatos/nsea_video_jpegs/exp_and/Survey-2-2012__Project 1__IC2__KP155.800-186.495_D__DATA_20120927015213796__20120927015214843@DVR-1_Ch2__10,24,1,0,0,1,0,exp_and
/media/scratch/astamoulakatos/nsea_video_jpegs/exp_and/Survey-2-2012__Project 1__IC2__KP130.417-145.077_A__DATA_20120924003102032__20120924003102719@DVR-1_Ch2__4,26,1,0,0,1,0,exp_and
/media/scratch/astamoulakatos/nsea_video_jpegs/exp_and/Survey-2-2012__Project 1__IC2__KP130.417-145.077_A__DATA_20120924003102032__20120924003102719@DVR-1_Ch2__35,44,1,0,0,1,0,exp_and
/media/scratch/astamoulakatos/nsea_video_jpegs/exp_and/Survey-2-2012__Project 1__IC2__KP145.020-155.882_A__DATA_20121007011736922__20121007011737719@DVR-1_Ch2__9,22,1,0,0,1,0,exp_and
/media/scratch/astamoulakatos/nsea_video_jpegs/exp_and/Survey-2-2012__Project 1__IC2__KP130.417-145.077_A__DATA_20120923210008094__20120923210008750@DVR-1_Ch2__113,35,1,0,0,1,0,exp_and
/media/scratch/astamoulakatos/nsea_video_jpegs/exp_and/Survey-2-2012__Project 1__IC2__KP155.800-186.495_D__DATA_20120927171205859__20120927171206656@DVR-1_Ch2__31,31,1,0,0,1,0,exp_and
/media/scratch/astamoulakatos/nsea_video_jpegs/exp_and/Survey-2-2012__Project 1__IC2__KP130.417-145.077_A__DATA_20120923183410234__20120923183410859@DVR-1_Ch2__126,43,1,0,0,1,0,exp_and
/media/scratch/astamoulakatos/nsea_video_jpegs/exp_and/Survey-2-2012__Project 1__IC2__KP155.800-186.495_D__DATA_20120927171205859__20120927171206656@DVR-1_Ch2__26,25,1,0,0,1,0,exp_and
/media/scratch/astamoulakatos/nsea_video_jpegs/exp_and/Survey-2-2012__Project 1__IC2__KP155.800-186.495_D__DATA_20120927015213796__20120927015214843@DVR-1_Ch2__5,27,1,0,0,1,0,exp_and
/media/scratch/astamoulakatos/nsea_video_jpegs/exp_and/Survey-2-2012__Project 1__IC2__KP130.417-145.077_A__DATA_20120923105912781__20120923105913093@DVR-1_Ch2__75,40,1,0,0,1,0,exp_and
/media/scratch/astamoulakatos/nsea_video_jpegs/exp_and/Survey-2-2012__Project 1__IC2__KP155.800-186.495_D__DATA_20120927171205859__20120927171206656@DVR-1_Ch2__25,25,1,0,0,1,0,exp_and
/media/scratch/astamoulakatos/nsea_video_jpegs/exp_and/Survey-2-2012__Project 1__IC2__KP130.417-145.077_A__DATA_20120924003102032__20120924003102719@DVR-1_Ch2__17,41,1,0,0,1,0,exp_and
/media/scratch/astamoulakatos/nsea_video_jpegs/exp_and/Survey-2-2012__Project 1__IC2__KP145.020-155.882_A__DATA_20121007011736922__20121007011737719@DVR-1_Ch2__8,37,1,0,0,1,0,exp_and
/media/scratch/astamoulakatos/nsea_video_jpegs/exp_and/Survey-2-2012__Project 1__IC2__KP155.800-186.495_D__DATA_20120927015213796__20120927015214843@DVR-1_Ch2__12,41,1,0,0,1,0,exp_and
/media/scratch/astamoulakatos/nsea_video_jpegs/exp_and/Survey-2-2012__Project 1__IC2__KP130.417-145.077_A__DATA_20120923200437187__20120923200437828@DVR-1_Ch2__161,32,1,0,0,1,0,exp_and
/media/scratch/astamoulakatos/nsea_video_jpegs/exp_and/Survey-2-2012__Project 1__IC2__KP130.417-145.077_A__DATA_20120923200437187__20120923200437828@DVR-1_Ch2__165,41,1,0,0,1,0,exp_and
/media/scratch/astamoulakatos/nsea_video_jpegs/exp_and/Survey-2-2012__Project 1__IC2__KP145.020-155.882_A__DATA_20121007011736922__20121007011737719@DVR-1_Ch2__7,33,1,0,0,1,0,exp_and
/media/scratch/astamoulakatos/nsea_video_jpegs/exp_and/Survey-2-2012__Project 1__IC2__KP155.800-186.495_D__DATA_20120927171205859__20120927171206656@DVR-1_Ch2__44,34,1,0,0,1,0,exp_and
/media/scratch/astamoulakatos/nsea_video_jpegs/exp_and/Survey-2-2012__Project 1__IC2__KP155.800-186.495_D__DATA_20120927171205859__20120927171206656@DVR-1_Ch2__33,29,1,0,0,1,0,exp_and
/media/scratch/astamoulakatos/nsea_video_jpegs/exp_and/Survey-2-2012__Project 1__IC2__KP130.417-145.077_A__DATA_20120923222130797__20120923222131688@DVR-1_Ch2__209,28,1,0,0,1,0,exp_and
/media/scratch/astamoulakatos/nsea_video_jpegs/exp_and/Survey-2-2012__Project 1__IC2__KP145.020-155.882_A__DATA_20121007011736922__20121007011737719@DVR-1_Ch2__11,38,1,0,0,1,0,exp_and
/media/scratch/astamoulakatos/nsea_video_jpegs/exp_and/Survey-2-2012__Project 1__IC2__KP145.020-155.882_A__DATA_20121007011736922__20121007011737719@DVR-1_Ch2__2,32,1,0,0,1,0,exp_and
/media/scratch/astamoulakatos/nsea_video_jpegs/exp_and/Survey-2-2012__Project 1__IC2__KP155.800-186.495_D__DATA_20120927171205859__20120927171206656@DVR-1_Ch2__37,38,1,0,0,1,0,exp_and
/media/scratch/astamoulakatos/nsea_video_jpegs/exp_and/Survey-2-2012__Project 1__IC2__KP130.417-145.077_A__DATA_20120923210008094__20120923210008750@DVR-1_Ch2__109,34,1,0,0,1,0,exp_and
/media/scratch/astamoulakatos/nsea_video_jpegs/exp_and/Survey-2-2012__Project 1__IC2__KP155.800-186.495_D__DATA_20120927171205859__20120927171206656@DVR-1_Ch2__36,44,1,0,0,1,0,exp_and
/media/scratch/astamoulakatos/nsea_video_jpegs/exp_and/Survey-2-2012__Project 1__IC2__KP155.800-186.495_D__DATA_20120927171205859__20120927171206656@DVR-1_Ch2__28,45,1,0,0,1,0,exp_and
/media/scratch/astamoulakatos/nsea_video_jpegs/exp_and/Survey-2-2012__Project 1__IC2__KP130.417-145.077_A__DATA_20120923200437187__20120923200437828@DVR-1_Ch2__157,39,1,0,0,1,0,exp_and
/media/scratch/astamoulakatos/nsea_video_jpegs/exp_and/Survey-2-2012__Project 1__IC2__KP155.800-186.495_D__DATA_20120927171205859__20120927171206656@DVR-1_Ch2__38,34,1,0,0,1,0,exp_and
/media/scratch/astamoulakatos/nsea_video_jpegs/exp_and/Survey-2-2012__Project 1__IC2__KP130.417-145.077_A__DATA_20120923200437187__20120923200437828@DVR-1_Ch2__172,42,1,0,0,1,0,exp_and
/media/scratch/astamoulakatos/nsea_video_jpegs/exp_and/Survey-2-2012__Project 1__IC2__KP155.800-186.495_D__DATA_20120927171205859__20120927171206656@DVR-1_Ch2__22,37,1,0,0,1,0,exp_and
/media/scratch/astamoulakatos/nsea_video_jpegs/exp_and/Survey-2-2012__Project 1__IC2__KP155.800-186.495_D__DATA_20120927171205859__20120927171206656@DVR-1_Ch2__19,24,1,0,0,1,0,exp_and
/media/scratch/astamoulakatos/nsea_video_jpegs/exp_and/Survey-2-2012__Project 1__IC2__KP155.800-186.495_D__DATA_20120927015213796__20120927015214843@DVR-1_Ch2__7,29,1,0,0,1,0,exp_and
/media/scratch/astamoulakatos/nsea_video_jpegs/exp_and/Survey-2-2012__Project 1__IC2__KP155.800-186.495_D__DATA_20120927171205859__20120927171206656@DVR-1_Ch2__40,33,1,0,0,1,0,exp_and
/media/scratch/astamoulakatos/nsea_video_jpegs/exp_and/Survey-2-2012__Project 1__IC2__KP130.417-145.077_A__DATA_20120923210008094__20120923210008750@DVR-1_Ch2__101,76,1,0,0,1,0,exp_and
/media/scratch/astamoulakatos/nsea_video_jpegs/exp_and/Survey-2-2012__Project 1__IC2__KP130.417-145.077_A__DATA_20120923222130797__20120923222131688@DVR-1_Ch2__188,56,1,0,0,1,0,exp_and
/media/scratch/astamoulakatos/nsea_video_jpegs/exp_and/Survey-2-2012__Project 1__IC2__KP130.417-145.077_A__DATA_20120923200437187__20120923200437828@DVR-1_Ch2__136,35,1,0,0,1,0,exp_and
/media/scratch/astamoulakatos/nsea_video_jpegs/exp_and/Survey-2-2012__Project 1__IC2__KP145.020-155.882_A__DATA_20121007011736922__20121007011737719@DVR-1_Ch2__22,30,1,0,0,1,0,exp_and
/media/scratch/astamoulakatos/nsea_video_jpegs/exp_and/Survey-2-2012__Project 1__IC2__KP130.417-145.077_A__DATA_20120923222130797__20120923222131688@DVR-1_Ch2__202,40,1,0,0,1,0,exp_and
/media/scratch/astamoulakatos/nsea_video_jpegs/exp_and/Survey-2-2012__Project 1__IC2__KP145.020-155.882_A__DATA_20121007011736922__20121007011737719@DVR-1_Ch2__0,28,1,0,0,1,0,exp_and
/media/scratch/astamoulakatos/nsea_video_jpegs/exp_and/Survey-2-2012__Project 1__IC2__KP155.800-186.495_D__DATA_20120927171205859__20120927171206656@DVR-1_Ch2__16,25,1,0,0,1,0,exp_and
/media/scratch/astamoulakatos/nsea_video_jpegs/exp_and/Survey-2-2012__Project 1__IC2__KP145.020-155.882_A__DATA_20121007011736922__20121007011737719@DVR-1_Ch2__18,55,1,0,0,1,0,exp_and
/media/scratch/astamoulakatos/nsea_video_jpegs/exp_and/Survey-2-2012__Project 1__IC2__KP130.417-145.077_A__DATA_20120924003102032__20120924003102719@DVR-1_Ch2__0,50,1,0,0,1,0,exp_and
/media/scratch/astamoulakatos/nsea_video_jpegs/exp_and/Survey-2-2012__Project 1__IC2__KP155.800-186.495_D__DATA_20120927171205859__20120927171206656@DVR-1_Ch2__41,51,1,0,0,1,0,exp_and
/media/scratch/astamoulakatos/nsea_video_jpegs/exp_and/Survey-2-2012__Project 1__IC2__KP155.800-186.495_D__DATA_20120927171205859__20120927171206656@DVR-1_Ch2__17,28,1,0,0,1,0,exp_and
/media/scratch/astamoulakatos/nsea_video_jpegs/exp_and/Survey-2-2012__Project 1__IC2__KP155.800-186.495_D__DATA_20120927171205859__20120927171206656@DVR-1_Ch2__27,29,1,0,0,1,0,exp_and
/media/scratch/astamoulakatos/nsea_video_jpegs/exp_and/Survey-2-2012__Project 1__IC2__KP145.020-155.882_A__DATA_20121007011736922__20121007011737719@DVR-1_Ch2__13,34,1,0,0,1,0,exp_and
/media/scratch/astamoulakatos/nsea_video_jpegs/exp_and/Survey-2-2012__Project 1__IC2__KP145.020-155.882_A__DATA_20121007011736922__20121007011737719@DVR-1_Ch2__17,21,1,0,0,1,0,exp_and
/media/scratch/astamoulakatos/nsea_video_jpegs/exp_and/Survey-2-2012__Project 1__IC2__KP155.800-186.495_D__DATA_20120927171205859__20120927171206656@DVR-1_Ch2__39,30,1,0,0,1,0,exp_and
/media/scratch/astamoulakatos/nsea_video_jpegs/exp_and/Survey-2-2012__Project 1__IC2__KP130.417-145.077_A__DATA_20120923174713579__20120923174714157@DVR-1_Ch2__67,45,1,0,0,1,0,exp_and
/media/scratch/astamoulakatos/nsea_video_jpegs/exp_and/Survey-2-2012__Project 1__IC2__KP145.020-155.882_A__DATA_20121007011736922__20121007011737719@DVR-1_Ch2__21,1080,1,0,0,1,0,exp_and
/media/scratch/astamoulakatos/nsea_video_jpegs/exp_and/Survey-2-2012__Project 1__IC2__KP130.417-145.077_A__DATA_20120923200437187__20120923200437828@DVR-1_Ch2__179,29,1,0,0,1,0,exp_and
/media/scratch/astamoulakatos/nsea_video_jpegs/exp_and/Survey-2-2012__Project 1__IC2__KP155.800-186.495_D__DATA_20120927171205859__20120927171206656@DVR-1_Ch2__18,54,1,0,0,1,0,exp_and
/media/scratch/astamoulakatos/nsea_video_jpegs/exp_and/Survey-2-2012__Project 1__IC2__KP155.800-186.495_D__DATA_20120927171205859__20120927171206656@DVR-1_Ch2__24,25,1,0,0,1,0,exp_and
/media/scratch/astamoulakatos/nsea_video_jpegs/exp_and/Survey-2-2012__Project 1__IC2__KP130.417-145.077_A__DATA_20120923222130797__20120923222131688@DVR-1_Ch2__214,40,1,0,0,1,0,exp_and
/media/scratch/astamoulakatos/nsea_video_jpegs/exp_and/Survey-2-2012__Project 1__IC2__KP155.800-186.495_D__DATA_20120927015213796__20120927015214843@DVR-1_Ch2__8,22,1,0,0,1,0,exp_and
/media/scratch/astamoulakatos/nsea_video_jpegs/exp_and/Survey-2-2012__Project 1__IC2__KP145.020-155.882_A__DATA_20121007011736922__20121007011737719@DVR-1_Ch2__4,27,1,0,0,1,0,exp_and
/media/scratch/astamoulakatos/nsea_video_jpegs/exp_and/Survey-2-2012__Project 1__IC2__KP155.800-186.495_D__DATA_20120927171205859__20120927171206656@DVR-1_Ch2__43,970,1,0,0,1,0,exp_and
/media/scratch/astamoulakatos/nsea_video_jpegs/exp_and/Survey-2-2012__Project 1__IC2__KP130.417-145.077_A__DATA_20120924003102032__20120924003102719@DVR-1_Ch2__19,38,1,0,0,1,0,exp_and
/media/scratch/astamoulakatos/nsea_video_jpegs/exp_and/Survey-2-2012__Project 1__IC2__KP155.800-186.495_D__DATA_20120927171205859__20120927171206656@DVR-1_Ch2__20,34,1,0,0,1,0,exp_and
/media/scratch/astamoulakatos/nsea_video_jpegs/exp_and/Survey-2-2012__Project 1__IC2__KP155.800-186.495_D__DATA_20120927015213796__20120927015214843@DVR-1_Ch2__14,31,1,0,0,1,0,exp_and
/media/scratch/astamoulakatos/nsea_video_jpegs/exp_and/Survey-2-2012__Project 1__IC2__KP130.417-145.077_A__DATA_20120924003102032__20120924003102719@DVR-1_Ch2__13,62,1,0,0,1,0,exp_and
/media/scratch/astamoulakatos/nsea_video_jpegs/exp_and/Survey-2-2012__Project 1__IC2__KP130.417-145.077_A__DATA_20120923183410234__20120923183410859@DVR-1_Ch2__124,28,1,0,0,1,0,exp_and
/media/scratch/astamoulakatos/nsea_video_jpegs/exp_and/Survey-2-2012__Project 1__IC2__KP155.800-186.495_D__DATA_20120927015213796__20120927015214843@DVR-1_Ch2__3,28,1,0,0,1,0,exp_and
/media/scratch/astamoulakatos/nsea_video_jpegs/exp_and/Survey-2-2012__Project 1__IC2__KP145.020-155.882_A__DATA_20121007011736922__20121007011737719@DVR-1_Ch2__16,35,1,0,0,1,0,exp_and
/media/scratch/astamoulakatos/nsea_video_jpegs/exp_fs/Survey-2-2012__Project 1__IC2__KP078.553-119.732_A__DATA_20121005094105938__20121005094107547@DVR-1_Ch2__822,169,1,0,0,0,1,exp_fs
/media/scratch/astamoulakatos/nsea_video_jpegs/exp_fs/Survey-2-2012__Project 1__IC2__KP078.553-119.732_A__DATA_20121004204851578__20121004204852360@DVR-1_Ch2__1152,106,1,0,0,0,1,exp_fs
/media/scratch/astamoulakatos/nsea_video_jpegs/exp_fs/Survey-2-2012__Project 1__IC2__KP078.553-119.732_A__DATA_20121005012825875__20121005012826640@DVR-1_Ch2__1546,177,1,0,0,0,1,exp_fs
/media/scratch/astamoulakatos/nsea_video_jpegs/exp_fs/Survey-2-2012__Project 1__IC2__KP078.553-119.732_A__DATA_20121005143300859__20121005143302578@DVR-1_Ch2__620,121,1,0,0,0,1,exp_fs
/media/scratch/astamoulakatos/nsea_video_jpegs/exp_fs/Survey-2-2012__Project 1__IC2__KP078.553-119.732_A__DATA_20121004194914766__20121004194915532@DVR-1_Ch2__862,50,1,0,0,0,1,exp_fs
/media/scratch/astamoulakatos/nsea_video_jpegs/exp_fs/Survey-2-2012__Project 1__IC2__KP078.553-119.732_A__DATA_20121005012825875__20121005012826640@DVR-1_Ch2__1566,114,1,0,0,0,1,exp_fs
/media/scratch/astamoulakatos/nsea_video_jpegs/exp_fs/Survey-2-2012__Project 1__IC2__KP078.553-119.732_A__DATA_20121005214021969__20121005214022797@DVR-1_Ch2__1587,34,1,0,0,0,1,exp_fs
/media/scratch/astamoulakatos/nsea_video_jpegs/exp_fs/Survey-2-2012__Project 1__IC2__KP056.550-077.465_D__DATA_20121004020119860__20121004020120922@DVR-1_Ch2__243,144,1,0,0,0,1,exp_fs
/media/scratch/astamoulakatos/nsea_video_jpegs/exp_fs/Survey-2-2012__Project 1__IC2__KP078.553-119.732_A__DATA_20121005024845953__20121005024848484@DVR-1_Ch2__99,148,1,0,0,0,1,exp_fs
/media/scratch/astamoulakatos/nsea_video_jpegs/exp_fs/Survey-2-2012__Project 1__IC2__KP078.553-119.732_A__DATA_20121005211020969__20121005211021797@DVR-1_Ch2__119,111,1,0,0,0,1,exp_fs
/media/scratch/astamoulakatos/nsea_video_jpegs/exp_fs/Survey-2-2012__Project 1__IC2__KP078.553-119.732_A__DATA_20121004233725719__20121004233727219@DVR-1_Ch2__575,96,1,0,0,0,1,exp_fs
/media/scratch/astamoulakatos/nsea_video_jpegs/exp_fs/Survey-2-2012__Project 1__IC2__KP078.553-119.732_A__DATA_20121004201850188__20121004201850641@DVR-1_Ch2__1211,53,1,0,0,0,1,exp_fs
/media/scratch/astamoulakatos/nsea_video_jpegs/exp_fs/Survey-2-2012__Project 1__IC2__KP056.550-077.465_D__DATA_20121003194518828__20121003194519719@DVR-1_Ch2__509,113,1,0,0,0,1,exp_fs
/media/scratch/astamoulakatos/nsea_video_jpegs/exp_fs/Survey-2-2012__Project 1__IC2__KP078.553-119.732_A__DATA_20121004201850188__20121004201850641@DVR-1_Ch2__1203,36,1,0,0,0,1,exp_fs
/media/scratch/astamoulakatos/nsea_video_jpegs/exp_fs/Survey-2-2012__Project 1__IC2__KP078.553-119.732_A__DATA_20121005094105938__20121005094107547@DVR-1_Ch2__821,152,1,0,0,0,1,exp_fs
/media/scratch/astamoulakatos/nsea_video_jpegs/exp_fs/Survey-2-2012__Project 1__IC2__KP078.553-119.732_A__DATA_20121005012825875__20121005012826640@DVR-1_Ch2__1558,78,1,0,0,0,1,exp_fs
/media/scratch/astamoulakatos/nsea_video_jpegs/exp_fs/Survey-2-2012__Project 1__IC2__KP078.553-119.732_A__DATA_20121006073219515__20121006073220375@DVR-1_Ch2__1621,27,1,0,0,0,1,exp_fs
/media/scratch/astamoulakatos/nsea_video_jpegs/exp_fs/Survey-2-2012__Project 1__IC2__KP078.553-119.732_A__DATA_20121005214021969__20121005214022797@DVR-1_Ch2__1599,19,1,0,0,0,1,exp_fs
/media/scratch/astamoulakatos/nsea_video_jpegs/exp_fs/Survey-2-2012__Project 1__IC2__KP078.553-119.732_A__DATA_20121006011718453__20121006011719032@DVR-1_Ch2__1047,155,1,0,0,0,1,exp_fs
/media/scratch/astamoulakatos/nsea_video_jpegs/exp_fs/Survey-2-2012__Project 1__IC2__KP078.553-119.732_A__DATA_20121006090223719__20121006090224688@DVR-1_Ch2__880,31,1,0,0,0,1,exp_fs
/media/scratch/astamoulakatos/nsea_video_jpegs/exp_fs/Survey-2-2012__Project 1__IC2__KP078.553-119.732_A__DATA_20121005211020969__20121005211021797@DVR-1_Ch2__114,56,1,0,0,0,1,exp_fs
/media/scratch/astamoulakatos/nsea_video_jpegs/exp_fs/Survey-2-2012__Project 1__IC2__KP078.553-119.732_A__DATA_20121006090223719__20121006090224688@DVR-1_Ch2__887,157,1,0,0,0,1,exp_fs
/media/scratch/astamoulakatos/nsea_video_jpegs/exp_fs/Survey-2-2012__Project 1__IC2__KP078.553-119.732_A__DATA_20121004233725719__20121004233727219@DVR-1_Ch2__550,118,1,0,0,0,1,exp_fs
/media/scratch/astamoulakatos/nsea_video_jpegs/exp_fs/Survey-2-2012__Project 1__IC2__KP078.553-119.732_A__DATA_20121005094105938__20121005094107547@DVR-1_Ch2__826,55,1,0,0,0,1,exp_fs
/media/scratch/astamoulakatos/nsea_video_jpegs/exp_fs/Survey-2-2012__Project 1__IC2__KP078.553-119.732_A__DATA_20121006090223719__20121006090224688@DVR-1_Ch2__883,55,1,0,0,0,1,exp_fs
/media/scratch/astamoulakatos/nsea_video_jpegs/exp_fs/Survey-2-2012__Project 1__IC2__KP078.553-119.732_A__DATA_20121004194914766__20121004194915532@DVR-1_Ch2__870,210,1,0,0,0,1,exp_fs
/media/scratch/astamoulakatos/nsea_video_jpegs/exp_fs/Survey-2-2012__Project 1__IC2__KP078.553-119.732_A__DATA_20121006090223719__20121006090224688@DVR-1_Ch2__872,112,1,0,0,0,1,exp_fs
/media/scratch/astamoulakatos/nsea_video_jpegs/exp_fs/Survey-2-2012__Project 1__IC2__KP078.553-119.732_A__DATA_20121006073219515__20121006073220375@DVR-1_Ch2__1622,32,1,0,0,0,1,exp_fs
/media/scratch/astamoulakatos/nsea_video_jpegs/exp_fs/Survey-2-2012__Project 1__IC2__KP078.553-119.732_A__DATA_20121004201850188__20121004201850641@DVR-1_Ch2__1210,45,1,0,0,0,1,exp_fs
/media/scratch/astamoulakatos/nsea_video_jpegs/exp_fs/Survey-2-2012__Project 1__IC2__KP078.553-119.732_A__DATA_20121006073219515__20121006073220375@DVR-1_Ch2__1625,31,1,0,0,0,1,exp_fs
/media/scratch/astamoulakatos/nsea_video_jpegs/exp_fs/Survey-2-2012__Project 1__IC2__KP078.553-119.732_A__DATA_20121006021720968__20121006021721781@DVR-1_Ch2__1506,80,1,0,0,0,1,exp_fs
/media/scratch/astamoulakatos/nsea_video_jpegs/exp_fs/Survey-2-2012__Project 1__IC2__KP056.550-077.465_D__DATA_20121003154359969__20121003154401812@DVR-1_Ch2__566,71,1,0,0,0,1,exp_fs
/media/scratch/astamoulakatos/nsea_video_jpegs/exp_fs/Survey-2-2012__Project 1__IC2__KP078.553-119.732_A__DATA_20121005211020969__20121005211021797@DVR-1_Ch2__109,37,1,0,0,0,1,exp_fs
/media/scratch/astamoulakatos/nsea_video_jpegs/exp_fs/Survey-2-2012__Project 1__IC2__KP078.553-119.732_A__DATA_20121005060658828__20121005060659625@DVR-1_Ch2__1227,106,1,0,0,0,1,exp_fs
/media/scratch/astamoulakatos/nsea_video_jpegs/exp_fs/Survey-2-2012__Project 1__IC2__KP078.553-119.732_A__DATA_20121005143300859__20121005143302578@DVR-1_Ch2__617,44,1,0,0,0,1,exp_fs
/media/scratch/astamoulakatos/nsea_video_jpegs/exp_fs/Survey-2-2012__Project 1__IC2__KP078.553-119.732_A__DATA_20121006021720968__20121006021721781@DVR-1_Ch2__1505,264,1,0,0,0,1,exp_fs
/media/scratch/astamoulakatos/nsea_video_jpegs/exp_fs/Survey-2-2012__Project 1__IC2__KP078.553-119.732_A__DATA_20121004201850188__20121004201850641@DVR-1_Ch2__1208,45,1,0,0,0,1,exp_fs
/media/scratch/astamoulakatos/nsea_video_jpegs/exp_fs/Survey-2-2012__Project 1__IC2__KP078.553-119.732_A__DATA_20121004191913390__20121004191913781@DVR-1_Ch2__814,200,1,0,0,0,1,exp_fs
/media/scratch/astamoulakatos/nsea_video_jpegs/exp_fs/Survey-2-2012__Project 1__IC2__KP078.553-119.732_A__DATA_20121006073219515__20121006073220375@DVR-1_Ch2__1629,99,1,0,0,0,1,exp_fs
/media/scratch/astamoulakatos/nsea_video_jpegs/exp_fs/Survey-2-2012__Project 1__IC2__KP056.550-077.465_D__DATA_20121003235805875__20121003235806813@DVR-1_Ch2__649,120,1,0,0,0,1,exp_fs
/media/scratch/astamoulakatos/nsea_video_jpegs/exp_fs/Survey-2-2012__Project 1__IC2__KP078.553-119.732_A__DATA_20121005192510969__20121005192511782@DVR-1_Ch2__590,117,1,0,0,0,1,exp_fs
/media/scratch/astamoulakatos/nsea_video_jpegs/exp_fs/Survey-2-2012__Project 1__IC2__KP078.553-119.732_A__DATA_20121005060658828__20121005060659625@DVR-1_Ch2__1221,13,1,0,0,0,1,exp_fs
/media/scratch/astamoulakatos/nsea_video_jpegs/exp_fs/Survey-2-2012__Project 1__IC2__KP078.553-119.732_A__DATA_20121004171828578__20121004171829328@DVR-1_Ch2__1537,61,1,0,0,0,1,exp_fs
/media/scratch/astamoulakatos/nsea_video_jpegs/exp_fs/Survey-2-2012__Project 1__IC2__KP078.553-119.732_A__DATA_20121005122229829__20121005122231547@DVR-1_Ch2__1187,91,1,0,0,0,1,exp_fs
/media/scratch/astamoulakatos/nsea_video_jpegs/exp_fs/Survey-2-2012__Project 1__IC2__KP078.553-119.732_A__DATA_20121006090223719__20121006090224688@DVR-1_Ch2__873,235,1,0,0,0,1,exp_fs
/media/scratch/astamoulakatos/nsea_video_jpegs/exp_fs/Survey-2-2012__Project 1__IC2__KP078.553-119.732_A__DATA_20121005192510969__20121005192511782@DVR-1_Ch2__579,108,1,0,0,0,1,exp_fs
/media/scratch/astamoulakatos/nsea_video_jpegs/exp_fs/Survey-2-2012__Project 1__IC2__KP078.553-119.732_A__DATA_20121004184831937__20121004184832672@DVR-1_Ch2__10,16,1,0,0,0,1,exp_fs
/media/scratch/astamoulakatos/nsea_video_jpegs/exp_fs/Survey-2-2012__Project 1__IC2__KP078.553-119.732_A__DATA_20121005214021969__20121005214022797@DVR-1_Ch2__1594,39,1,0,0,0,1,exp_fs
/media/scratch/astamoulakatos/nsea_video_jpegs/exp_fs/Survey-2-2012__Project 1__IC2__KP078.553-119.732_A__DATA_20121005211020969__20121005211021797@DVR-1_Ch2__142,162,1,0,0,0,1,exp_fs
/media/scratch/astamoulakatos/nsea_video_jpegs/exp_fs/Survey-2-2012__Project 1__IC2__KP056.550-077.465_D__DATA_20121003154359969__20121003154401812@DVR-1_Ch2__567,422,1,0,0,0,1,exp_fs
/media/scratch/astamoulakatos/nsea_video_jpegs/exp_fs/Survey-2-2012__Project 1__IC2__KP078.553-119.732_A__DATA_20121004233725719__20121004233727219@DVR-1_Ch2__568,32,1,0,0,0,1,exp_fs
/media/scratch/astamoulakatos/nsea_video_jpegs/exp_fs/Survey-2-2012__Project 1__IC2__KP078.553-119.732_A__DATA_20121004184831937__20121004184832672@DVR-1_Ch2__8,91,1,0,0,0,1,exp_fs
/media/scratch/astamoulakatos/nsea_video_jpegs/exp_fs/Survey-2-2012__Project 1__IC2__KP078.553-119.732_A__DATA_20121005143300859__20121005143302578@DVR-1_Ch2__622,48,1,0,0,0,1,exp_fs
/media/scratch/astamoulakatos/nsea_video_jpegs/exp_fs/Survey-2-2012__Project 1__IC2__KP078.553-119.732_A__DATA_20121006073219515__20121006073220375@DVR-1_Ch2__1623,179,1,0,0,0,1,exp_fs
/media/scratch/astamoulakatos/nsea_video_jpegs/exp_fs/Survey-2-2012__Project 1__IC2__KP056.550-077.465_D__DATA_20121003171403781__20121003171406125@DVR-1_Ch2__846,23,1,0,0,0,1,exp_fs
/media/scratch/astamoulakatos/nsea_video_jpegs/exp_fs/Survey-2-2012__Project 1__IC2__KP078.553-119.732_A__DATA_20121005192510969__20121005192511782@DVR-1_Ch2__589,122,1,0,0,0,1,exp_fs
/media/scratch/astamoulakatos/nsea_video_jpegs/exp_fs/Survey-2-2012__Project 1__IC2__KP078.553-119.732_A__DATA_20121004191913390__20121004191913781@DVR-1_Ch2__809,18,1,0,0,0,1,exp_fs
/media/scratch/astamoulakatos/nsea_video_jpegs/exp_fs/Survey-2-2012__Project 1__IC2__KP078.553-119.732_A__DATA_20121006100226016__20121006100226969@DVR-1_Ch2__1006,31,1,0,0,0,1,exp_fs
/media/scratch/astamoulakatos/nsea_video_jpegs/exp_fs/Survey-2-2012__Project 1__IC2__KP078.553-119.732_A__DATA_20121004160658047__20121004160658828@DVR-1_Ch2__1691,209,1,0,0,0,1,exp_fs
/media/scratch/astamoulakatos/nsea_video_jpegs/exp_fs/Survey-2-2012__Project 1__IC2__KP078.553-119.732_A__DATA_20121006083222672__20121006083223641@DVR-1_Ch2__201,86,1,0,0,0,1,exp_fs
/media/scratch/astamoulakatos/nsea_video_jpegs/exp_fs/Survey-2-2012__Project 1__IC2__KP078.553-119.732_A__DATA_20121004233725719__20121004233727219@DVR-1_Ch2__563,44,1,0,0,0,1,exp_fs
/media/scratch/astamoulakatos/nsea_video_jpegs/exp_fs/Survey-2-2012__Project 1__IC2__KP078.553-119.732_A__DATA_20121006090223719__20121006090224688@DVR-1_Ch2__882,61,1,0,0,0,1,exp_fs
/media/scratch/astamoulakatos/nsea_video_jpegs/exp_fs/Survey-2-2012__Project 1__IC2__KP078.553-119.732_A__DATA_20121006090223719__20121006090224688@DVR-1_Ch2__875,48,1,0,0,0,1,exp_fs
/media/scratch/astamoulakatos/nsea_video_jpegs/exp_fs/Survey-2-2012__Project 1__IC2__KP078.553-119.732_A__DATA_20121004171828578__20121004171829328@DVR-1_Ch2__1543,36,1,0,0,0,1,exp_fs
/media/scratch/astamoulakatos/nsea_video_jpegs/exp_fs/Survey-2-2012__Project 1__IC2__KP078.553-119.732_A__DATA_20121006090223719__20121006090224688@DVR-1_Ch2__881,46,1,0,0,0,1,exp_fs
/media/scratch/astamoulakatos/nsea_video_jpegs/exp_fs/Survey-2-2012__Project 1__IC2__KP078.553-119.732_A__DATA_20121005222007469__20121005222008109@DVR-1_Ch2__1686,61,1,0,0,0,1,exp_fs
/media/scratch/astamoulakatos/nsea_video_jpegs/exp_fs/Survey-2-2012__Project 1__IC2__KP078.553-119.732_A__DATA_20121006073219515__20121006073220375@DVR-1_Ch2__1631,50,1,0,0,0,1,exp_fs
/media/scratch/astamoulakatos/nsea_video_jpegs/exp_fs/Survey-2-2012__Project 1__IC2__KP078.553-119.732_A__DATA_20121006100226016__20121006100226969@DVR-1_Ch2__1007,140,1,0,0,0,1,exp_fs
/media/scratch/astamoulakatos/nsea_video_jpegs/exp_fs/Survey-2-2012__Project 1__IC2__KP056.550-077.465_D__DATA_20121003174404891__20121003174407734@DVR-1_Ch2__407,58,1,0,0,0,1,exp_fs
/media/scratch/astamoulakatos/nsea_video_jpegs/exp_fs/Survey-2-2012__Project 1__IC2__KP078.553-119.732_A__DATA_20121005211020969__20121005211021797@DVR-1_Ch2__134,46,1,0,0,0,1,exp_fs
/media/scratch/astamoulakatos/nsea_video_jpegs/exp_fs/Survey-2-2012__Project 1__IC2__KP078.553-119.732_A__DATA_20121004181830750__20121004181831485@DVR-1_Ch2__774,55,1,0,0,0,1,exp_fs
/media/scratch/astamoulakatos/nsea_video_jpegs/exp_fs/Survey-2-2012__Project 1__IC2__KP078.553-119.732_A__DATA_20121004201850188__20121004201850641@DVR-1_Ch2__1207,80,1,0,0,0,1,exp_fs
/media/scratch/astamoulakatos/nsea_video_jpegs/exp_fs/Survey-2-2012__Project 1__IC2__KP078.553-119.732_A__DATA_20121004201850188__20121004201850641@DVR-1_Ch2__1198,71,1,0,0,0,1,exp_fs
/media/scratch/astamoulakatos/nsea_video_jpegs/exp_fs/Survey-2-2012__Project 1__IC2__KP078.553-119.732_A__DATA_20121005214021969__20121005214022797@DVR-1_Ch2__1586,41,1,0,0,0,1,exp_fs
/media/scratch/astamoulakatos/nsea_video_jpegs/exp_fs/Survey-2-2012__Project 1__IC2__KP078.553-119.732_A__DATA_20121006073219515__20121006073220375@DVR-1_Ch2__1619,37,1,0,0,0,1,exp_fs
/media/scratch/astamoulakatos/nsea_video_jpegs/exp_fs/Survey-2-2012__Project 1__IC2__KP078.553-119.732_A__DATA_20121006154442891__20121006154443235@DVR-1_Ch2__1494,63,1,0,0,0,1,exp_fs
/media/scratch/astamoulakatos/nsea_video_jpegs/exp_fs/Survey-2-2012__Project 1__IC2__KP078.553-119.732_A__DATA_20121004223723875__20121004223724375@DVR-1_Ch2__337,92,1,0,0,0,1,exp_fs
/media/scratch/astamoulakatos/nsea_video_jpegs/exp_fs/Survey-2-2012__Project 1__IC2__KP078.553-119.732_A__DATA_20121006080221000__20121006080221969@DVR-1_Ch2__1713,15,1,0,0,0,1,exp_fs
/media/scratch/astamoulakatos/nsea_video_jpegs/exp_fs/Survey-2-2012__Project 1__IC2__KP056.550-077.465_D__DATA_20121003235805875__20121003235806813@DVR-1_Ch2__643,48,1,0,0,0,1,exp_fs
/media/scratch/astamoulakatos/nsea_video_jpegs/exp_fs/Survey-2-2012__Project 1__IC2__KP077.369-077.967_D__DATA_20121004120556968__20121004120557328@DVR-1_Ch2__0,138,1,0,0,0,1,exp_fs
/media/scratch/astamoulakatos/nsea_video_jpegs/exp_fs/Survey-2-2012__Project 1__IC2__KP078.553-119.732_A__DATA_20121004181830750__20121004181831485@DVR-1_Ch2__791,32,1,0,0,0,1,exp_fs
/media/scratch/astamoulakatos/nsea_video_jpegs/exp_fs/Survey-2-2012__Project 1__IC2__KP078.553-119.732_A__DATA_20121004160658047__20121004160658828@DVR-1_Ch2__1690,130,1,0,0,0,1,exp_fs
/media/scratch/astamoulakatos/nsea_video_jpegs/exp_fs/Survey-2-2012__Project 1__IC2__KP078.553-119.732_A__DATA_20121005071059828__20121005071100422@DVR-1_Ch2__296,64,1,0,0,0,1,exp_fs
/media/scratch/astamoulakatos/nsea_video_jpegs/exp_fs/Survey-2-2012__Project 1__IC2__KP078.553-119.732_A__DATA_20121006090223719__20121006090224688@DVR-1_Ch2__871,43,1,0,0,0,1,exp_fs
/media/scratch/astamoulakatos/nsea_video_jpegs/exp_fs/Survey-2-2012__Project 1__IC2__KP078.553-119.732_A__DATA_20121004233725719__20121004233727219@DVR-1_Ch2__566,88,1,0,0,0,1,exp_fs
/media/scratch/astamoulakatos/nsea_video_jpegs/exp_fs/Survey-2-2012__Project 1__IC2__KP078.553-119.732_A__DATA_20121005012825875__20121005012826640@DVR-1_Ch2__1556,67,1,0,0,0,1,exp_fs
/media/scratch/astamoulakatos/nsea_video_jpegs/exp_fs/Survey-2-2012__Project 1__IC2__KP078.553-119.732_A__DATA_20121006073219515__20121006073220375@DVR-1_Ch2__1634,47,1,0,0,0,1,exp_fs
/media/scratch/astamoulakatos/nsea_video_jpegs/exp_fs/Survey-2-2012__Project 1__IC2__KP078.553-119.732_A__DATA_20121005214021969__20121005214022797@DVR-1_Ch2__1591,160,1,0,0,0,1,exp_fs
/media/scratch/astamoulakatos/nsea_video_jpegs/exp_fs/Survey-2-2012__Project 1__IC2__KP078.553-119.732_A__DATA_20121005214021969__20121005214022797@DVR-1_Ch2__1581,110,1,0,0,0,1,exp_fs
/media/scratch/astamoulakatos/nsea_video_jpegs/exp_fs/Survey-2-2012__Project 1__IC2__KP078.553-119.732_A__DATA_20121005122229829__20121005122231547@DVR-1_Ch2__1186,83,1,0,0,0,1,exp_fs
/media/scratch/astamoulakatos/nsea_video_jpegs/exp_fs/Survey-2-2012__Project 1__IC2__KP078.553-119.732_A__DATA_20121005060658828__20121005060659625@DVR-1_Ch2__1237,167,1,0,0,0,1,exp_fs
/media/scratch/astamoulakatos/nsea_video_jpegs/exp_fs/Survey-2-2012__Project 1__IC2__KP078.553-119.732_A__DATA_20121005071059828__20121005071100422@DVR-1_Ch2__299,29,1,0,0,0,1,exp_fs
/media/scratch/astamoulakatos/nsea_video_jpegs/exp_fs/Survey-2-2012__Project 1__IC2__KP078.553-119.732_A__DATA_20121006100226016__20121006100226969@DVR-1_Ch2__1009,172,1,0,0,0,1,exp_fs
/media/scratch/astamoulakatos/nsea_video_jpegs/exp_fs/Survey-2-2012__Project 1__IC2__KP078.553-119.732_A__DATA_20121005012825875__20121005012826640@DVR-1_Ch2__1559,115,1,0,0,0,1,exp_fs
/media/scratch/astamoulakatos/nsea_video_jpegs/exp_fs/Survey-2-2012__Project 1__IC2__KP078.553-119.732_A__DATA_20121004194914766__20121004194915532@DVR-1_Ch2__863,73,1,0,0,0,1,exp_fs
/media/scratch/astamoulakatos/nsea_video_jpegs/exp_fs/Survey-2-2012__Project 1__IC2__KP078.553-119.732_A__DATA_20121005031847672__20121005031849219@DVR-1_Ch2__964,123,1,0,0,0,1,exp_fs
/media/scratch/astamoulakatos/nsea_video_jpegs/exp_fs/Survey-2-2012__Project 1__IC2__KP078.553-119.732_A__DATA_20121005000726828__20121005000728812@DVR-1_Ch2__1434,59,1,0,0,0,1,exp_fs
/media/scratch/astamoulakatos/nsea_video_jpegs/exp_fs/Survey-2-2012__Project 1__IC2__KP078.553-119.732_A__DATA_20121006090223719__20121006090224688@DVR-1_Ch2__878,40,1,0,0,0,1,exp_fs
/media/scratch/astamoulakatos/nsea_video_jpegs/exp_fs/Survey-2-2012__Project 1__IC2__KP078.553-119.732_A__DATA_20121005084102687__20121005084104297@DVR-1_Ch2__1039,26,1,0,0,0,1,exp_fs
/media/scratch/astamoulakatos/nsea_video_jpegs/exp_fs/Survey-2-2012__Project 1__IC2__KP078.553-119.732_A__DATA_20121004142234093__20121004142234906@DVR-1_Ch2__190,205,1,0,0,0,1,exp_fs
/media/scratch/astamoulakatos/nsea_video_jpegs/exp_fs/Survey-2-2012__Project 1__IC2__KP078.553-119.732_A__DATA_20121005214021969__20121005214022797@DVR-1_Ch2__1598,37,1,0,0,0,1,exp_fs
/media/scratch/astamoulakatos/nsea_video_jpegs/exp_fs/Survey-2-2012__Project 1__IC2__KP078.553-119.732_A__DATA_20121004171828578__20121004171829328@DVR-1_Ch2__1536,34,1,0,0,0,1,exp_fs
/media/scratch/astamoulakatos/nsea_video_jpegs/exp_fs/Survey-2-2012__Project 1__IC2__KP078.553-119.732_A__DATA_20121005211020969__20121005211021797@DVR-1_Ch2__139,80,1,0,0,0,1,exp_fs
/media/scratch/astamoulakatos/nsea_video_jpegs/exp_fs/Survey-2-2012__Project 1__IC2__KP078.553-119.732_A__DATA_20121006165534750__20121006165534750@DVR-1_Ch2__899,74,1,0,0,0,1,exp_fs
/media/scratch/astamoulakatos/nsea_video_jpegs/exp_fs/Survey-2-2012__Project 1__IC2__KP078.553-119.732_A__DATA_20121006100226016__20121006100226969@DVR-1_Ch2__1005,140,1,0,0,0,1,exp_fs
/media/scratch/astamoulakatos/nsea_video_jpegs/exp_fs/Survey-2-2012__Project 1__IC2__KP078.553-119.732_A__DATA_20121006073219515__20121006073220375@DVR-1_Ch2__1639,460,1,0,0,0,1,exp_fs
/media/scratch/astamoulakatos/nsea_video_jpegs/exp_fs/Survey-2-2012__Project 1__IC2__KP078.553-119.732_A__DATA_20121005211020969__20121005211021797@DVR-1_Ch2__116,58,1,0,0,0,1,exp_fs
/media/scratch/astamoulakatos/nsea_video_jpegs/exp_fs/Survey-2-2012__Project 1__IC2__KP078.553-119.732_A__DATA_20121005211020969__20121005211021797@DVR-1_Ch2__121,61,1,0,0,0,1,exp_fs
/media/scratch/astamoulakatos/nsea_video_jpegs/exp_fs/Survey-2-2012__Project 1__IC2__KP078.553-119.732_A__DATA_20121005060658828__20121005060659625@DVR-1_Ch2__1239,100,1,0,0,0,1,exp_fs
/media/scratch/astamoulakatos/nsea_video_jpegs/exp_fs/Survey-2-2012__Project 1__IC2__KP078.553-119.732_A__DATA_20121006054025765__20121006054026422@DVR-1_Ch2__233,231,1,0,0,0,1,exp_fs
/media/scratch/astamoulakatos/nsea_video_jpegs/exp_fs/Survey-2-2012__Project 1__IC2__KP078.553-119.732_A__DATA_20121005192510969__20121005192511782@DVR-1_Ch2__587,81,1,0,0,0,1,exp_fs
/media/scratch/astamoulakatos/nsea_video_jpegs/exp/Survey-2-2012__Project 1__IC2__KP130.417-145.077_A__DATA_20120923222130797__20120923222131688@DVR-1_Ch2__184,30,1,0,0,0,0,exp
/media/scratch/astamoulakatos/nsea_video_jpegs/exp/Survey-2-2012__Project 1__IC2__KP130.417-145.077_A__DATA_20120923132307000__20120923132307453@DVR-1_Ch2__40,457,1,0,0,0,0,exp
/media/scratch/astamoulakatos/nsea_video_jpegs/exp/Survey-2-2012__Project 1__IC2__KP130.417-145.077_A__DATA_20120923132307000__20120923132307453@DVR-1_Ch2__44,80,1,0,0,0,0,exp
/media/scratch/astamoulakatos/nsea_video_jpegs/exp/Survey-2-2012__Project 1__IC2__KP130.417-145.077_A__DATA_20120923200437187__20120923200437828@DVR-1_Ch2__176,173,1,0,0,0,0,exp
/media/scratch/astamoulakatos/nsea_video_jpegs/exp/Survey-2-2012__Project 1__IC2__KP145.020-155.882_A__DATA_20121007074604922__20121007074606750@DVR-1_Ch2__257,67,1,0,0,0,0,exp
/media/scratch/astamoulakatos/nsea_video_jpegs/exp/Survey-2-2012__Project 1__IC2__KP130.417-145.077_A__DATA_20120923222130797__20120923222131688@DVR-1_Ch2__196,23,1,0,0,0,0,exp
/media/scratch/astamoulakatos/nsea_video_jpegs/exp/Survey-2-2012__Project 1__IC2__KP145.020-155.882_A__DATA_20121007034742078__20121007034742859@DVR-1_Ch2__63,142,1,0,0,0,0,exp
/media/scratch/astamoulakatos/nsea_video_jpegs/exp/Survey-2-2012__Project 1__IC2__KP130.417-145.077_A__DATA_20120923222130797__20120923222131688@DVR-1_Ch2__190,80,1,0,0,0,0,exp
/media/scratch/astamoulakatos/nsea_video_jpegs/exp/Survey-2-2012__Project 1__IC2__KP145.020-155.882_A__DATA_20121007084607641__20121007084609484@DVR-1_Ch2__205,84,1,0,0,0,0,exp
/media/scratch/astamoulakatos/nsea_video_jpegs/exp/Survey-2-2012__Project 1__IC2__KP145.020-155.882_A__DATA_20121007084607641__20121007084609484@DVR-1_Ch2__204,113,1,0,0,0,0,exp
/media/scratch/astamoulakatos/nsea_video_jpegs/exp/Survey-2-2012__Project 1__IC2__KP145.020-155.882_A__DATA_20121007021739687__20121007021740469@DVR-1_Ch2__125,108,1,0,0,0,0,exp
/media/scratch/astamoulakatos/nsea_video_jpegs/exp/Survey-2-2012__Project 1__IC2__KP130.417-145.077_A__DATA_20120923222130797__20120923222131688@DVR-1_Ch2__205,27,1,0,0,0,0,exp
/media/scratch/astamoulakatos/nsea_video_jpegs/exp/Survey-2-2012__Project 1__IC2__KP130.417-145.077_A__DATA_20120923200437187__20120923200437828@DVR-1_Ch2__166,45,1,0,0,0,0,exp
/media/scratch/astamoulakatos/nsea_video_jpegs/exp/Survey-2-2012__Project 1__IC2__KP145.020-155.882_A__DATA_20121007061601500__20121007061602312@DVR-1_Ch2__95,43,1,0,0,0,0,exp
/media/scratch/astamoulakatos/nsea_video_jpegs/exp/Survey-2-2012__Project 1__IC2__KP145.020-155.882_A__DATA_20121007084607641__20121007084609484@DVR-1_Ch2__193,83,1,0,0,0,0,exp
/media/scratch/astamoulakatos/nsea_video_jpegs/exp/Survey-2-2012__Project 1__IC2__KP130.417-145.077_A__DATA_20120923222130797__20120923222131688@DVR-1_Ch2__204,574,1,0,0,0,0,exp
/media/scratch/astamoulakatos/nsea_video_jpegs/exp/Survey-2-2012__Project 1__IC2__KP130.417-145.077_A__DATA_20120923222130797__20120923222131688@DVR-1_Ch2__195,32,1,0,0,0,0,exp
/media/scratch/astamoulakatos/nsea_video_jpegs/exp/Survey-2-2012__Project 1__IC2__KP145.020-155.882_A__DATA_20121007064602625__20121007064604437@DVR-1_Ch2__60,341,1,0,0,0,0,exp
/media/scratch/astamoulakatos/nsea_video_jpegs/exp/Survey-2-2012__Project 1__IC2__KP130.417-145.077_A__DATA_20120923222130797__20120923222131688@DVR-1_Ch2__209,74,1,0,0,0,0,exp
/media/scratch/astamoulakatos/nsea_video_jpegs/exp/Survey-2-2012__Project 1__IC2__KP130.417-145.077_A__DATA_20120923132307000__20120923132307453@DVR-1_Ch2__43,146,1,0,0,0,0,exp
/media/scratch/astamoulakatos/nsea_video_jpegs/exp/Survey-2-2012__Project 1__IC2__KP145.020-155.882_A__DATA_20121007061601500__20121007061602312@DVR-1_Ch2__96,81,1,0,0,0,0,exp
/media/scratch/astamoulakatos/nsea_video_jpegs/exp/Survey-2-2012__Project 1__IC2__KP130.417-145.077_A__DATA_20120923222130797__20120923222131688@DVR-1_Ch2__200,30,1,0,0,0,0,exp
/media/scratch/astamoulakatos/nsea_video_jpegs/exp/Survey-2-2012__Project 1__IC2__KP145.020-155.882_A__DATA_20121007081606000__20121007081607843@DVR-1_Ch2__242,83,1,0,0,0,0,exp
/media/scratch/astamoulakatos/nsea_video_jpegs/exp/Survey-2-2012__Project 1__IC2__KP145.020-155.882_A__DATA_20121007021739687__20121007021740469@DVR-1_Ch2__133,463,1,0,0,0,0,exp
/media/scratch/astamoulakatos/nsea_video_jpegs/exp/Survey-2-2012__Project 1__IC2__KP130.417-145.077_A__DATA_20120923222130797__20120923222131688@DVR-1_Ch2__185,25,1,0,0,0,0,exp
/media/scratch/astamoulakatos/nsea_video_jpegs/exp/Survey-2-2012__Project 1__IC2__KP145.020-155.882_A__DATA_20121007021739687__20121007021740469@DVR-1_Ch2__128,45,1,0,0,0,0,exp
/media/scratch/astamoulakatos/nsea_video_jpegs/exp/Survey-2-2012__Project 1__IC2__KP145.020-155.882_A__DATA_20121007034742078__20121007034742859@DVR-1_Ch2__81,30,1,0,0,0,0,exp
/media/scratch/astamoulakatos/nsea_video_jpegs/exp/Survey-2-2012__Project 1__IC2__KP130.417-145.077_A__DATA_20120923222130797__20120923222131688@DVR-1_Ch2__201,27,1,0,0,0,0,exp
/media/scratch/astamoulakatos/nsea_video_jpegs/exp/Survey-2-2012__Project 1__IC2__KP145.020-155.882_A__DATA_20121007084607641__20121007084609484@DVR-1_Ch2__183,115,1,0,0,0,0,exp
/media/scratch/astamoulakatos/nsea_video_jpegs/exp/Survey-2-2012__Project 1__IC2__KP130.417-145.077_A__DATA_20120923200437187__20120923200437828@DVR-1_Ch2__181,124,1,0,0,0,0,exp
/media/scratch/astamoulakatos/nsea_video_jpegs/exp/Survey-2-2012__Project 1__IC2__KP130.417-145.077_A__DATA_20120923222130797__20120923222131688@DVR-1_Ch2__208,105,1,0,0,0,0,exp
/media/scratch/astamoulakatos/nsea_video_jpegs/exp/Survey-2-2012__Project 1__IC2__KP130.417-145.077_A__DATA_20120924003102032__20120924003102719@DVR-1_Ch2__24,95,1,0,0,0,0,exp
/media/scratch/astamoulakatos/nsea_video_jpegs/exp/Survey-2-2012__Project 1__IC2__KP145.020-155.882_A__DATA_20121007034742078__20121007034742859@DVR-1_Ch2__80,31,1,0,0,0,0,exp
/media/scratch/astamoulakatos/nsea_video_jpegs/exp/Survey-2-2012__Project 1__IC2__KP130.417-145.077_A__DATA_20120923200437187__20120923200437828@DVR-1_Ch2__146,366,1,0,0,0,0,exp
/media/scratch/astamoulakatos/nsea_video_jpegs/exp/Survey-2-2012__Project 1__IC2__KP130.417-145.077_A__DATA_20120923222130797__20120923222131688@DVR-1_Ch2__186,168,1,0,0,0,0,exp
/media/scratch/astamoulakatos/nsea_video_jpegs/exp/Survey-2-2012__Project 1__IC2__KP145.020-155.882_A__DATA_20121007061601500__20121007061602312@DVR-1_Ch2__94,14,1,0,0,0,0,exp
/media/scratch/astamoulakatos/nsea_video_jpegs/exp/Survey-2-2012__Project 1__IC2__KP130.417-145.077_A__DATA_20120923200437187__20120923200437828@DVR-1_Ch2__177,46,1,0,0,0,0,exp
/media/scratch/astamoulakatos/nsea_video_jpegs/exp/Survey-2-2012__Project 1__IC2__KP130.417-145.077_A__DATA_20120923170028719__20120923170030282@DVR-1_Ch2__322,60,1,0,0,0,0,exp
/media/scratch/astamoulakatos/nsea_video_jpegs/exp/Survey-2-2012__Project 1__IC2__KP130.417-145.077_A__DATA_20120923200437187__20120923200437828@DVR-1_Ch2__180,78,1,0,0,0,0,exp
/media/scratch/astamoulakatos/nsea_video_jpegs/exp/Survey-2-2012__Project 1__IC2__KP130.417-145.077_A__DATA_20120923200437187__20120923200437828@DVR-1_Ch2__167,98,1,0,0,0,0,exp
/media/scratch/astamoulakatos/nsea_video_jpegs/exp/Survey-2-2012__Project 1__IC2__KP130.417-145.077_A__DATA_20120923200437187__20120923200437828@DVR-1_Ch2__179,49,1,0,0,0,0,exp
/media/scratch/astamoulakatos/nsea_video_jpegs/exp/Survey-2-2012__Project 1__IC2__KP130.417-145.077_A__DATA_20120923200437187__20120923200437828@DVR-1_Ch2__175,309,1,0,0,0,0,exp
/media/scratch/astamoulakatos/nsea_video_jpegs/exp/Survey-2-2012__Project 1__IC2__KP130.417-145.077_A__DATA_20120923222130797__20120923222131688@DVR-1_Ch2__198,46,1,0,0,0,0,exp
/media/scratch/astamoulakatos/nsea_video_jpegs/exp/Survey-2-2012__Project 1__IC2__KP130.417-145.077_A__DATA_20120923222130797__20120923222131688@DVR-1_Ch2__183,272,1,0,0,0,0,exp
/media/scratch/astamoulakatos/nsea_video_jpegs/exp/Survey-2-2012__Project 1__IC2__KP130.417-145.077_A__DATA_20120923222130797__20120923222131688@DVR-1_Ch2__191,57,1,0,0,0,0,exp
/media/scratch/astamoulakatos/nsea_video_jpegs/exp/Survey-2-2012__Project 1__IC2__KP130.417-145.077_A__DATA_20120923222130797__20120923222131688@DVR-1_Ch2__197,27,1,0,0,0,0,exp
/media/scratch/astamoulakatos/nsea_video_jpegs/exp/Survey-2-2012__Project 1__IC2__KP145.020-155.882_A__DATA_20121007084607641__20121007084609484@DVR-1_Ch2__207,64,1,0,0,0,0,exp
/media/scratch/astamoulakatos/nsea_video_jpegs/exp_fj/Survey-2-2012__Project 1__IC2__KP130.417-145.077_A__DATA_20120923210008094__20120923210008750@DVR-1_Ch2__111,41,1,0,1,0,0,exp_fj
/media/scratch/astamoulakatos/nsea_video_jpegs/exp_fj/Survey-2-2012__Project 1__IC2__KP130.417-145.077_A__DATA_20120924003102032__20120924003102719@DVR-1_Ch2__7,34,1,0,1,0,0,exp_fj
/media/scratch/astamoulakatos/nsea_video_jpegs/exp_fj/Survey-2-2012__Project 1__IC2__KP130.417-145.077_A__DATA_20120923222130797__20120923222131688@DVR-1_Ch2__184,43,1,0,1,0,0,exp_fj
/media/scratch/astamoulakatos/nsea_video_jpegs/exp_fj/Survey-2-2012__Project 1__IC2__KP130.417-145.077_A__DATA_20120924003102032__20120924003102719@DVR-1_Ch2__2,35,1,0,1,0,0,exp_fj
/media/scratch/astamoulakatos/nsea_video_jpegs/exp_fj/Survey-2-2012__Project 1__IC2__KP130.417-145.077_A__DATA_20120923174713579__20120923174714157@DVR-1_Ch2__60,37,1,0,1,0,0,exp_fj
/media/scratch/astamoulakatos/nsea_video_jpegs/exp_fj/Survey-2-2012__Project 1__IC2__KP130.417-145.077_A__DATA_20120923183410234__20120923183410859@DVR-1_Ch2__120,34,1,0,1,0,0,exp_fj
/media/scratch/astamoulakatos/nsea_video_jpegs/exp_fj/Survey-2-2012__Project 1__IC2__KP130.417-145.077_A__DATA_20120923132307000__20120923132307453@DVR-1_Ch2__40,80,1,0,1,0,0,exp_fj
/media/scratch/astamoulakatos/nsea_video_jpegs/exp_fj/Survey-2-2012__Project 1__IC2__KP130.417-145.077_A__DATA_20120924003102032__20120924003102719@DVR-1_Ch2__34,29,1,0,1,0,0,exp_fj
/media/scratch/astamoulakatos/nsea_video_jpegs/exp_fj/Survey-2-2012__Project 1__IC2__KP130.417-145.077_A__DATA_20120923210008094__20120923210008750@DVR-1_Ch2__104,48,1,0,1,0,0,exp_fj
/media/scratch/astamoulakatos/nsea_video_jpegs/exp_fj/Survey-2-2012__Project 1__IC2__KP130.417-145.077_A__DATA_20120924003102032__20120924003102719@DVR-1_Ch2__18,41,1,0,1,0,0,exp_fj
/media/scratch/astamoulakatos/nsea_video_jpegs/exp_fj/Survey-2-2012__Project 1__IC2__KP130.417-145.077_A__DATA_20120923210008094__20120923210008750@DVR-1_Ch2__114,36,1,0,1,0,0,exp_fj
/media/scratch/astamoulakatos/nsea_video_jpegs/exp_fj/Survey-2-2012__Project 1__IC2__KP130.417-145.077_A__DATA_20120923183410234__20120923183410859@DVR-1_Ch2__127,47,1,0,1,0,0,exp_fj
/media/scratch/astamoulakatos/nsea_video_jpegs/exp_fj/Survey-2-2012__Project 1__IC2__KP130.417-145.077_A__DATA_20120923210008094__20120923210008750@DVR-1_Ch2__103,107,1,0,1,0,0,exp_fj
/media/scratch/astamoulakatos/nsea_video_jpegs/exp_fj/Survey-2-2012__Project 1__IC2__KP130.417-145.077_A__DATA_20120923200437187__20120923200437828@DVR-1_Ch2__142,32,1,0,1,0,0,exp_fj
/media/scratch/astamoulakatos/nsea_video_jpegs/exp_fj/Survey-2-2012__Project 1__IC2__KP130.417-145.077_A__DATA_20120923200437187__20120923200437828@DVR-1_Ch2__176,42,1,0,1,0,0,exp_fj
/media/scratch/astamoulakatos/nsea_video_jpegs/exp_fj/Survey-2-2012__Project 1__IC2__KP130.417-145.077_A__DATA_20120923105912781__20120923105913093@DVR-1_Ch2__72,34,1,0,1,0,0,exp_fj
/media/scratch/astamoulakatos/nsea_video_jpegs/exp_fj/Survey-2-2012__Project 1__IC2__KP130.417-145.077_A__DATA_20120923200437187__20120923200437828@DVR-1_Ch2__159,45,1,0,1,0,0,exp_fj
/media/scratch/astamoulakatos/nsea_video_jpegs/exp_fj/Survey-2-2012__Project 1__IC2__KP130.417-145.077_A__DATA_20120923200437187__20120923200437828@DVR-1_Ch2__174,43,1,0,1,0,0,exp_fj
/media/scratch/astamoulakatos/nsea_video_jpegs/exp_fj/Survey-2-2012__Project 1__IC2__KP130.417-145.077_A__DATA_20120924003102032__20120924003102719@DVR-1_Ch2__33,86,1,0,1,0,0,exp_fj
/media/scratch/astamoulakatos/nsea_video_jpegs/exp_fj/Survey-2-2012__Project 1__IC2__KP130.417-145.077_A__DATA_20120923200437187__20120923200437828@DVR-1_Ch2__163,44,1,0,1,0,0,exp_fj
/media/scratch/astamoulakatos/nsea_video_jpegs/exp_fj/Survey-2-2012__Project 1__IC2__KP130.417-145.077_A__DATA_20120923222130797__20120923222131688@DVR-1_Ch2__190,39,1,0,1,0,0,exp_fj
/media/scratch/astamoulakatos/nsea_video_jpegs/exp_fj/Survey-2-2012__Project 1__IC2__KP130.417-145.077_A__DATA_20120923132307000__20120923132307453@DVR-1_Ch2__51,42,1,0,1,0,0,exp_fj
/media/scratch/astamoulakatos/nsea_video_jpegs/exp_fj/Survey-2-2012__Project 1__IC2__KP130.417-145.077_A__DATA_20120924003102032__20120924003102719@DVR-1_Ch2__9,39,1,0,1,0,0,exp_fj
/media/scratch/astamoulakatos/nsea_video_jpegs/exp_fj/Survey-2-2012__Project 1__IC2__KP130.417-145.077_A__DATA_20120923210008094__20120923210008750@DVR-1_Ch2__110,36,1,0,1,0,0,exp_fj
/media/scratch/astamoulakatos/nsea_video_jpegs/exp_fj/Survey-2-2012__Project 1__IC2__KP130.417-145.077_A__DATA_20120923132307000__20120923132307453@DVR-1_Ch2__49,38,1,0,1,0,0,exp_fj
/media/scratch/astamoulakatos/nsea_video_jpegs/exp_fj/Survey-2-2012__Project 1__IC2__KP130.417-145.077_A__DATA_20120923174713579__20120923174714157@DVR-1_Ch2__62,38,1,0,1,0,0,exp_fj
/media/scratch/astamoulakatos/nsea_video_jpegs/exp_fj/Survey-2-2012__Project 1__IC2__KP130.417-145.077_A__DATA_20120923210008094__20120923210008750@DVR-1_Ch2__102,40,1,0,1,0,0,exp_fj
/media/scratch/astamoulakatos/nsea_video_jpegs/exp_fj/Survey-2-2012__Project 1__IC2__KP130.417-145.077_A__DATA_20120923222130797__20120923222131688@DVR-1_Ch2__205,39,1,0,1,0,0,exp_fj
/media/scratch/astamoulakatos/nsea_video_jpegs/exp_fj/Survey-2-2012__Project 1__IC2__KP130.417-145.077_A__DATA_20120924003102032__20120924003102719@DVR-1_Ch2__5,34,1,0,1,0,0,exp_fj
/media/scratch/astamoulakatos/nsea_video_jpegs/exp_fj/Survey-2-2012__Project 1__IC2__KP130.417-145.077_A__DATA_20120923200437187__20120923200437828@DVR-1_Ch2__178,51,1,0,1,0,0,exp_fj
/media/scratch/astamoulakatos/nsea_video_jpegs/exp_fj/Survey-2-2012__Project 1__IC2__KP130.417-145.077_A__DATA_20120923200437187__20120923200437828@DVR-1_Ch2__166,40,1,0,1,0,0,exp_fj
/media/scratch/astamoulakatos/nsea_video_jpegs/exp_fj/Survey-2-2012__Project 1__IC2__KP130.417-145.077_A__DATA_20120923200437187__20120923200437828@DVR-1_Ch2__171,45,1,0,1,0,0,exp_fj
/media/scratch/astamoulakatos/nsea_video_jpegs/exp_fj/Survey-2-2012__Project 1__IC2__KP130.417-145.077_A__DATA_20120923200437187__20120923200437828@DVR-1_Ch2__156,46,1,0,1,0,0,exp_fj
/media/scratch/astamoulakatos/nsea_video_jpegs/exp_fj/Survey-2-2012__Project 1__IC2__KP130.417-145.077_A__DATA_20120923222130797__20120923222131688@DVR-1_Ch2__203,47,1,0,1,0,0,exp_fj
/media/scratch/astamoulakatos/nsea_video_jpegs/exp_fj/Survey-2-2012__Project 1__IC2__KP130.417-145.077_A__DATA_20120923200437187__20120923200437828@DVR-1_Ch2__145,39,1,0,1,0,0,exp_fj
/media/scratch/astamoulakatos/nsea_video_jpegs/exp_fj/Survey-2-2012__Project 1__IC2__KP130.417-145.077_A__DATA_20120923132307000__20120923132307453@DVR-1_Ch2__52,46,1,0,1,0,0,exp_fj
/media/scratch/astamoulakatos/nsea_video_jpegs/exp_fj/Survey-2-2012__Project 1__IC2__KP130.417-145.077_A__DATA_20120924003102032__20120924003102719@DVR-1_Ch2__15,55,1,0,1,0,0,exp_fj
/media/scratch/astamoulakatos/nsea_video_jpegs/exp_fj/Survey-2-2012__Project 1__IC2__KP130.417-145.077_A__DATA_20120924003102032__20120924003102719@DVR-1_Ch2__10,32,1,0,1,0,0,exp_fj
/media/scratch/astamoulakatos/nsea_video_jpegs/exp_fj/Survey-2-2012__Project 1__IC2__KP130.417-145.077_A__DATA_20120924003102032__20120924003102719@DVR-1_Ch2__1,34,1,0,1,0,0,exp_fj
/media/scratch/astamoulakatos/nsea_video_jpegs/exp_fj/Survey-2-2012__Project 1__IC2__KP130.417-145.077_A__DATA_20120923132307000__20120923132307453@DVR-1_Ch2__37,47,1,0,1,0,0,exp_fj
/media/scratch/astamoulakatos/nsea_video_jpegs/exp_fj/Survey-2-2012__Project 1__IC2__KP130.417-145.077_A__DATA_20120924003102032__20120924003102719@DVR-1_Ch2__20,40,1,0,1,0,0,exp_fj
/media/scratch/astamoulakatos/nsea_video_jpegs/exp_fj/Survey-2-2012__Project 1__IC2__KP130.417-145.077_A__DATA_20120923200437187__20120923200437828@DVR-1_Ch2__169,38,1,0,1,0,0,exp_fj
/media/scratch/astamoulakatos/nsea_video_jpegs/exp_fj/Survey-2-2012__Project 1__IC2__KP130.417-145.077_A__DATA_20120924003102032__20120924003102719@DVR-1_Ch2__8,27,1,0,1,0,0,exp_fj
/media/scratch/astamoulakatos/nsea_video_jpegs/exp_fj/Survey-2-2012__Project 1__IC2__KP130.417-145.077_A__DATA_20120923200437187__20120923200437828@DVR-1_Ch2__158,35,1,0,1,0,0,exp_fj
/media/scratch/astamoulakatos/nsea_video_jpegs/exp_fj/Survey-2-2012__Project 1__IC2__KP130.417-145.077_A__DATA_20120923222130797__20120923222131688@DVR-1_Ch2__204,44,1,0,1,0,0,exp_fj
/media/scratch/astamoulakatos/nsea_video_jpegs/exp_fj/Survey-2-2012__Project 1__IC2__KP130.417-145.077_A__DATA_20120923222130797__20120923222131688@DVR-1_Ch2__189,59,1,0,1,0,0,exp_fj
/media/scratch/astamoulakatos/nsea_video_jpegs/exp_fj/Survey-2-2012__Project 1__IC2__KP130.417-145.077_A__DATA_20120923183410234__20120923183410859@DVR-1_Ch2__123,34,1,0,1,0,0,exp_fj
/media/scratch/astamoulakatos/nsea_video_jpegs/exp_fj/Survey-2-2012__Project 1__IC2__KP130.417-145.077_A__DATA_20120923200437187__20120923200437828@DVR-1_Ch2__170,40,1,0,1,0,0,exp_fj
/media/scratch/astamoulakatos/nsea_video_jpegs/exp_fj/Survey-2-2012__Project 1__IC2__KP130.417-145.077_A__DATA_20120923210008094__20120923210008750@DVR-1_Ch2__106,53,1,0,1,0,0,exp_fj
/media/scratch/astamoulakatos/nsea_video_jpegs/exp_fj/Survey-2-2012__Project 1__IC2__KP130.417-145.077_A__DATA_20120923105912781__20120923105913093@DVR-1_Ch2__73,40,1,0,1,0,0,exp_fj
/media/scratch/astamoulakatos/nsea_video_jpegs/exp_fj/Survey-2-2012__Project 1__IC2__KP130.417-145.077_A__DATA_20120923222130797__20120923222131688@DVR-1_Ch2__195,74,1,0,1,0,0,exp_fj
/media/scratch/astamoulakatos/nsea_video_jpegs/exp_fj/Survey-2-2012__Project 1__IC2__KP130.417-145.077_A__DATA_20120923200437187__20120923200437828@DVR-1_Ch2__148,43,1,0,1,0,0,exp_fj
/media/scratch/astamoulakatos/nsea_video_jpegs/exp_fj/Survey-2-2012__Project 1__IC2__KP130.417-145.077_A__DATA_20120923200437187__20120923200437828@DVR-1_Ch2__144,69,1,0,1,0,0,exp_fj
/media/scratch/astamoulakatos/nsea_video_jpegs/exp_fj/Survey-2-2012__Project 1__IC2__KP130.417-145.077_A__DATA_20120923200437187__20120923200437828@DVR-1_Ch2__160,39,1,0,1,0,0,exp_fj
/media/scratch/astamoulakatos/nsea_video_jpegs/exp_fj/Survey-2-2012__Project 1__IC2__KP130.417-145.077_A__DATA_20120923183410234__20120923183410859@DVR-1_Ch2__125,51,1,0,1,0,0,exp_fj
/media/scratch/astamoulakatos/nsea_video_jpegs/exp_fj/Survey-2-2012__Project 1__IC2__KP130.417-145.077_A__DATA_20120923132307000__20120923132307453@DVR-1_Ch2__39,47,1,0,1,0,0,exp_fj
/media/scratch/astamoulakatos/nsea_video_jpegs/exp_fj/Survey-2-2012__Project 1__IC2__KP130.417-145.077_A__DATA_20120923222130797__20120923222131688@DVR-1_Ch2__206,43,1,0,1,0,0,exp_fj
/media/scratch/astamoulakatos/nsea_video_jpegs/exp_fj/Survey-2-2012__Project 1__IC2__KP130.417-145.077_A__DATA_20120924003102032__20120924003102719@DVR-1_Ch2__6,35,1,0,1,0,0,exp_fj
/media/scratch/astamoulakatos/nsea_video_jpegs/exp_fj/Survey-2-2012__Project 1__IC2__KP130.417-145.077_A__DATA_20120923132307000__20120923132307453@DVR-1_Ch2__43,46,1,0,1,0,0,exp_fj
/media/scratch/astamoulakatos/nsea_video_jpegs/exp_fj/Survey-2-2012__Project 1__IC2__KP130.417-145.077_A__DATA_20120923200437187__20120923200437828@DVR-1_Ch2__173,46,1,0,1,0,0,exp_fj
/media/scratch/astamoulakatos/nsea_video_jpegs/exp_fj/Survey-2-2012__Project 1__IC2__KP130.417-145.077_A__DATA_20120923222130797__20120923222131688@DVR-1_Ch2__200,36,1,0,1,0,0,exp_fj
/media/scratch/astamoulakatos/nsea_video_jpegs/exp_fj/Survey-2-2012__Project 1__IC2__KP130.417-145.077_A__DATA_20120924003102032__20120924003102719@DVR-1_Ch2__36,37,1,0,1,0,0,exp_fj
/media/scratch/astamoulakatos/nsea_video_jpegs/exp_fj/Survey-2-2012__Project 1__IC2__KP130.417-145.077_A__DATA_20120923200437187__20120923200437828@DVR-1_Ch2__143,34,1,0,1,0,0,exp_fj
/media/scratch/astamoulakatos/nsea_video_jpegs/exp_fj/Survey-2-2012__Project 1__IC2__KP130.417-145.077_A__DATA_20120923222130797__20120923222131688@DVR-1_Ch2__212,41,1,0,1,0,0,exp_fj
/media/scratch/astamoulakatos/nsea_video_jpegs/exp_fj/Survey-2-2012__Project 1__IC2__KP130.417-145.077_A__DATA_20120923222130797__20120923222131688@DVR-1_Ch2__185,40,1,0,1,0,0,exp_fj
/media/scratch/astamoulakatos/nsea_video_jpegs/exp_fj/Survey-2-2012__Project 1__IC2__KP130.417-145.077_A__DATA_20120923200437187__20120923200437828@DVR-1_Ch2__164,47,1,0,1,0,0,exp_fj
/media/scratch/astamoulakatos/nsea_video_jpegs/exp_fj/Survey-2-2012__Project 1__IC2__KP130.417-145.077_A__DATA_20120923130505000__20120923130505812@DVR-1_Ch2__78,29,1,0,1,0,0,exp_fj
/media/scratch/astamoulakatos/nsea_video_jpegs/exp_fj/Survey-2-2012__Project 1__IC2__KP130.417-145.077_A__DATA_20120923222130797__20120923222131688@DVR-1_Ch2__211,48,1,0,1,0,0,exp_fj
/media/scratch/astamoulakatos/nsea_video_jpegs/exp_fj/Survey-2-2012__Project 1__IC2__KP130.417-145.077_A__DATA_20120923183410234__20120923183410859@DVR-1_Ch2__128,40,1,0,1,0,0,exp_fj
/media/scratch/astamoulakatos/nsea_video_jpegs/exp_fj/Survey-2-2012__Project 1__IC2__KP130.417-145.077_A__DATA_20120923222130797__20120923222131688@DVR-1_Ch2__207,56,1,0,1,0,0,exp_fj
/media/scratch/astamoulakatos/nsea_video_jpegs/exp_fj/Survey-2-2012__Project 1__IC2__KP130.417-145.077_A__DATA_20120923222130797__20120923222131688@DVR-1_Ch2__201,53,1,0,1,0,0,exp_fj
/media/scratch/astamoulakatos/nsea_video_jpegs/exp_fj/Survey-2-2012__Project 1__IC2__KP130.417-145.077_A__DATA_20120923200437187__20120923200437828@DVR-1_Ch2__141,46,1,0,1,0,0,exp_fj
/media/scratch/astamoulakatos/nsea_video_jpegs/exp_fj/Survey-2-2012__Project 1__IC2__KP130.417-145.077_A__DATA_20120924003102032__20120924003102719@DVR-1_Ch2__3,35,1,0,1,0,0,exp_fj
/media/scratch/astamoulakatos/nsea_video_jpegs/exp_fj/Survey-2-2012__Project 1__IC2__KP130.417-145.077_A__DATA_20120923210008094__20120923210008750@DVR-1_Ch2__116,36,1,0,1,0,0,exp_fj
/media/scratch/astamoulakatos/nsea_video_jpegs/exp_fj/Survey-2-2012__Project 1__IC2__KP130.417-145.077_A__DATA_20120923200437187__20120923200437828@DVR-1_Ch2__182,75,1,0,1,0,0,exp_fj
/media/scratch/astamoulakatos/nsea_video_jpegs/exp_fj/Survey-2-2012__Project 1__IC2__KP130.417-145.077_A__DATA_20120923222130797__20120923222131688@DVR-1_Ch2__199,35,1,0,1,0,0,exp_fj
/media/scratch/astamoulakatos/nsea_video_jpegs/exp_fj/Survey-2-2012__Project 1__IC2__KP130.417-145.077_A__DATA_20120923222130797__20120923222131688@DVR-1_Ch2__210,42,1,0,1,0,0,exp_fj
/media/scratch/astamoulakatos/nsea_video_jpegs/exp_fj/Survey-2-2012__Project 1__IC2__KP130.417-145.077_A__DATA_20120923200437187__20120923200437828@DVR-1_Ch2__181,76,1,0,1,0,0,exp_fj
/media/scratch/astamoulakatos/nsea_video_jpegs/exp_fj/Survey-2-2012__Project 1__IC2__KP130.417-145.077_A__DATA_20120923200437187__20120923200437828@DVR-1_Ch2__168,53,1,0,1,0,0,exp_fj
/media/scratch/astamoulakatos/nsea_video_jpegs/exp_fj/Survey-2-2012__Project 1__IC2__KP130.417-145.077_A__DATA_20120923222130797__20120923222131688@DVR-1_Ch2__208,41,1,0,1,0,0,exp_fj
/media/scratch/astamoulakatos/nsea_video_jpegs/exp_fj/Survey-2-2012__Project 1__IC2__KP130.417-145.077_A__DATA_20120924003102032__20120924003102719@DVR-1_Ch2__24,43,1,0,1,0,0,exp_fj
/media/scratch/astamoulakatos/nsea_video_jpegs/exp_fj/Survey-2-2012__Project 1__IC2__KP130.417-145.077_A__DATA_20120924003102032__20120924003102719@DVR-1_Ch2__14,36,1,0,1,0,0,exp_fj
/media/scratch/astamoulakatos/nsea_video_jpegs/exp_fj/Survey-2-2012__Project 1__IC2__KP130.417-145.077_A__DATA_20120923132307000__20120923132307453@DVR-1_Ch2__38,58,1,0,1,0,0,exp_fj
/media/scratch/astamoulakatos/nsea_video_jpegs/exp_fj/Survey-2-2012__Project 1__IC2__KP130.417-145.077_A__DATA_20120923132307000__20120923132307453@DVR-1_Ch2__48,56,1,0,1,0,0,exp_fj
/media/scratch/astamoulakatos/nsea_video_jpegs/exp_fj/Survey-2-2012__Project 1__IC2__KP130.417-145.077_A__DATA_20120923200437187__20120923200437828@DVR-1_Ch2__147,66,1,0,1,0,0,exp_fj
/media/scratch/astamoulakatos/nsea_video_jpegs/exp_fj/Survey-2-2012__Project 1__IC2__KP130.417-145.077_A__DATA_20120923200437187__20120923200437828@DVR-1_Ch2__146,50,1,0,1,0,0,exp_fj
/media/scratch/astamoulakatos/nsea_video_jpegs/exp_fj/Survey-2-2012__Project 1__IC2__KP130.417-145.077_A__DATA_20120924003102032__20120924003102719@DVR-1_Ch2__16,52,1,0,1,0,0,exp_fj
/media/scratch/astamoulakatos/nsea_video_jpegs/exp_fj/Survey-2-2012__Project 1__IC2__KP130.417-145.077_A__DATA_20120923222130797__20120923222131688@DVR-1_Ch2__186,45,1,0,1,0,0,exp_fj
/media/scratch/astamoulakatos/nsea_video_jpegs/exp_fj/Survey-2-2012__Project 1__IC2__KP130.417-145.077_A__DATA_20120923105912781__20120923105913093@DVR-1_Ch2__74,38,1,0,1,0,0,exp_fj
/media/scratch/astamoulakatos/nsea_video_jpegs/exp_fj/Survey-2-2012__Project 1__IC2__KP130.417-145.077_A__DATA_20120923200437187__20120923200437828@DVR-1_Ch2__137,42,1,0,1,0,0,exp_fj
/media/scratch/astamoulakatos/nsea_video_jpegs/exp_fj/Survey-2-2012__Project 1__IC2__KP130.417-145.077_A__DATA_20120923210008094__20120923210008750@DVR-1_Ch2__107,54,1,0,1,0,0,exp_fj
/media/scratch/astamoulakatos/nsea_video_jpegs/exp_fj/Survey-2-2012__Project 1__IC2__KP130.417-145.077_A__DATA_20120923200437187__20120923200437828@DVR-1_Ch2__177,43,1,0,1,0,0,exp_fj
/media/scratch/astamoulakatos/nsea_video_jpegs/exp_fj/Survey-2-2012__Project 1__IC2__KP130.417-145.077_A__DATA_20120923222130797__20120923222131688@DVR-1_Ch2__194,50,1,0,1,0,0,exp_fj
/media/scratch/astamoulakatos/nsea_video_jpegs/exp_fj/Survey-2-2012__Project 1__IC2__KP130.417-145.077_A__DATA_20120923132307000__20120923132307453@DVR-1_Ch2__42,45,1,0,1,0,0,exp_fj
/media/scratch/astamoulakatos/nsea_video_jpegs/exp_fj/Survey-2-2012__Project 1__IC2__KP130.417-145.077_A__DATA_20120924003102032__20120924003102719@DVR-1_Ch2__21,36,1,0,1,0,0,exp_fj
/media/scratch/astamoulakatos/nsea_video_jpegs/exp_fj/Survey-2-2012__Project 1__IC2__KP130.417-145.077_A__DATA_20120923183410234__20120923183410859@DVR-1_Ch2__122,23,1,0,1,0,0,exp_fj
/media/scratch/astamoulakatos/nsea_video_jpegs/exp_fj/Survey-2-2012__Project 1__IC2__KP130.417-145.077_A__DATA_20120923200437187__20120923200437828@DVR-1_Ch2__138,32,1,0,1,0,0,exp_fj
/media/scratch/astamoulakatos/nsea_video_jpegs/exp_fj/Survey-2-2012__Project 1__IC2__KP130.417-145.077_A__DATA_20120923210008094__20120923210008750@DVR-1_Ch2__115,39,1,0,1,0,0,exp_fj
/media/scratch/astamoulakatos/nsea_video_jpegs/exp_fj/Survey-2-2012__Project 1__IC2__KP130.417-145.077_A__DATA_20120923174713579__20120923174714157@DVR-1_Ch2__68,34,1,0,1,0,0,exp_fj
/media/scratch/astamoulakatos/nsea_video_jpegs/exp_fj/Survey-2-2012__Project 1__IC2__KP130.417-145.077_A__DATA_20120923210008094__20120923210008750@DVR-1_Ch2__105,34,1,0,1,0,0,exp_fj
/media/scratch/astamoulakatos/nsea_video_jpegs/exp_fj/Survey-2-2012__Project 1__IC2__KP130.417-145.077_A__DATA_20120923183410234__20120923183410859@DVR-1_Ch2__121,35,1,0,1,0,0,exp_fj
/media/scratch/astamoulakatos/nsea_video_jpegs/exp_fj/Survey-2-2012__Project 1__IC2__KP130.417-145.077_A__DATA_20120923105912781__20120923105913093@DVR-1_Ch2__76,37,1,0,1,0,0,exp_fj
/media/scratch/astamoulakatos/nsea_video_jpegs/exp_fj/Survey-2-2012__Project 1__IC2__KP130.417-145.077_A__DATA_20120923200437187__20120923200437828@DVR-1_Ch2__180,36,1,0,1,0,0,exp_fj
/media/scratch/astamoulakatos/nsea_video_jpegs/exp_fj/Survey-2-2012__Project 1__IC2__KP130.417-145.077_A__DATA_20120923222130797__20120923222131688@DVR-1_Ch2__187,45,1,0,1,0,0,exp_fj
/media/scratch/astamoulakatos/nsea_video_jpegs/exp_fj/Survey-2-2012__Project 1__IC2__KP130.417-145.077_A__DATA_20120924003102032__20120924003102719@DVR-1_Ch2__11,33,1,0,1,0,0,exp_fj
/media/scratch/astamoulakatos/nsea_video_jpegs/exp_fj/Survey-2-2012__Project 1__IC2__KP130.417-145.077_A__DATA_20120923200437187__20120923200437828@DVR-1_Ch2__167,33,1,0,1,0,0,exp_fj
/media/scratch/astamoulakatos/nsea_video_jpegs/exp_fj/Survey-2-2012__Project 1__IC2__KP130.417-145.077_A__DATA_20120923210008094__20120923210008750@DVR-1_Ch2__108,37,1,0,1,0,0,exp_fj
/media/scratch/astamoulakatos/nsea_video_jpegs/exp_fj/Survey-2-2012__Project 1__IC2__KP130.417-145.077_A__DATA_20120923200437187__20120923200437828@DVR-1_Ch2__175,45,1,0,1,0,0,exp_fj
/media/scratch/astamoulakatos/nsea_video_jpegs/exp_fj/Survey-2-2012__Project 1__IC2__KP130.417-145.077_A__DATA_20120923132307000__20120923132307453@DVR-1_Ch2__41,56,1,0,1,0,0,exp_fj
/media/scratch/astamoulakatos/nsea_video_jpegs/exp_fj/Survey-2-2012__Project 1__IC2__KP130.417-145.077_A__DATA_20120923132307000__20120923132307453@DVR-1_Ch2__53,50,1,0,1,0,0,exp_fj
/media/scratch/astamoulakatos/nsea_video_jpegs/exp_fj/Survey-2-2012__Project 1__IC2__KP130.417-145.077_A__DATA_20120923222130797__20120923222131688@DVR-1_Ch2__198,44,1,0,1,0,0,exp_fj
/media/scratch/astamoulakatos/nsea_video_jpegs/exp_fj/Survey-2-2012__Project 1__IC2__KP130.417-145.077_A__DATA_20120924003102032__20120924003102719@DVR-1_Ch2__25,56,1,0,1,0,0,exp_fj
/media/scratch/astamoulakatos/nsea_video_jpegs/exp_fj/Survey-2-2012__Project 1__IC2__KP130.417-145.077_A__DATA_20120924003102032__20120924003102719@DVR-1_Ch2__26,36,1,0,1,0,0,exp_fj
/media/scratch/astamoulakatos/nsea_video_jpegs/exp_fj/Survey-2-2012__Project 1__IC2__KP130.417-145.077_A__DATA_20120923130505000__20120923130505812@DVR-1_Ch2__77,43,1,0,1,0,0,exp_fj
/media/scratch/astamoulakatos/nsea_video_jpegs/exp_fj/Survey-2-2012__Project 1__IC2__KP130.417-145.077_A__DATA_20120923222130797__20120923222131688@DVR-1_Ch2__213,42,1,0,1,0,0,exp_fj
/media/scratch/astamoulakatos/nsea_video_jpegs/exp_fj/Survey-2-2012__Project 1__IC2__KP130.417-145.077_A__DATA_20120923222130797__20120923222131688@DVR-1_Ch2__183,49,1,0,1,0,0,exp_fj
/media/scratch/astamoulakatos/nsea_video_jpegs/exp_fj/Survey-2-2012__Project 1__IC2__KP130.417-145.077_A__DATA_20120923222130797__20120923222131688@DVR-1_Ch2__191,37,1,0,1,0,0,exp_fj
/media/scratch/astamoulakatos/nsea_video_jpegs/exp_fj/Survey-2-2012__Project 1__IC2__KP130.417-145.077_A__DATA_20120924003102032__20120924003102719@DVR-1_Ch2__12,33,1,0,1,0,0,exp_fj
/media/scratch/astamoulakatos/nsea_video_jpegs/exp_fj/Survey-2-2012__Project 1__IC2__KP130.417-145.077_A__DATA_20120923200437187__20120923200437828@DVR-1_Ch2__139,38,1,0,1,0,0,exp_fj
/media/scratch/astamoulakatos/nsea_video_jpegs/exp_fj/Survey-2-2012__Project 1__IC2__KP130.417-145.077_A__DATA_20120924003102032__20120924003102719@DVR-1_Ch2__22,77,1,0,1,0,0,exp_fj
/media/scratch/astamoulakatos/nsea_video_jpegs/exp_fj/Survey-2-2012__Project 1__IC2__KP130.417-145.077_A__DATA_20120923174713579__20120923174714157@DVR-1_Ch2__66,46,1,0,1,0,0,exp_fj
/media/scratch/astamoulakatos/nsea_video_jpegs/exp_fj/Survey-2-2012__Project 1__IC2__KP130.417-145.077_A__DATA_20120923174713579__20120923174714157@DVR-1_Ch2__65,51,1,0,1,0,0,exp_fj
/media/scratch/astamoulakatos/nsea_video_jpegs/exp_fj/Survey-2-2012__Project 1__IC2__KP130.417-145.077_A__DATA_20120923222130797__20120923222131688@DVR-1_Ch2__197,38,1,0,1,0,0,exp_fj
/media/scratch/astamoulakatos/nsea_video_jpegs/exp_fj/Survey-2-2012__Project 1__IC2__KP130.417-145.077_A__DATA_20120924003102032__20120924003102719@DVR-1_Ch2__23,52,1,0,1,0,0,exp_fj
/media/scratch/astamoulakatos/nsea_video_jpegs/exp_fj/Survey-2-2012__Project 1__IC2__KP130.417-145.077_A__DATA_20120923200437187__20120923200437828@DVR-1_Ch2__162,46,1,0,1,0,0,exp_fj
/media/scratch/astamoulakatos/nsea_video_jpegs/exp_fj/Survey-2-2012__Project 1__IC2__KP130.417-145.077_A__DATA_20120923222130797__20120923222131688@DVR-1_Ch2__193,50,1,0,1,0,0,exp_fj
/media/scratch/astamoulakatos/nsea_video_jpegs/bur/Survey-2-2012__Project 1__IC2__KP130.417-145.077_A__DATA_20120923212128015__20120923212128422@DVR-1_Ch2__315,49,0,1,0,0,0,bur
/media/scratch/astamoulakatos/nsea_video_jpegs/bur/Survey-2-2012__Project 1__IC2__KP145.020-155.882_A__DATA_20121007064602625__20121007064604437@DVR-1_Ch2__59,830,0,1,0,0,0,bur
/media/scratch/astamoulakatos/nsea_video_jpegs/bur/Survey-2-2012__Project 1__IC2__KP145.020-155.882_A__DATA_20121007011736922__20121007011737719@DVR-1_Ch2__20,3293,0,1,0,0,0,bur
/media/scratch/astamoulakatos/nsea_video_jpegs/bur/Survey-2-2012__Project 1__IC2__KP130.417-145.077_A__DATA_20120923222130797__20120923222131688@DVR-1_Ch2__184,131,0,1,0,0,0,bur
/media/scratch/astamoulakatos/nsea_video_jpegs/bur/Survey-2-2012__Project 1__IC2__KP130.417-145.077_A__DATA_20120923212128015__20120923212128422@DVR-1_Ch2__307,151,0,1,0,0,0,bur
/media/scratch/astamoulakatos/nsea_video_jpegs/bur/Survey-2-2012__Project 1__IC2__KP130.417-145.077_A__DATA_20120923132307000__20120923132307453@DVR-1_Ch2__50,1922,0,1,0,0,0,bur
/media/scratch/astamoulakatos/nsea_video_jpegs/bur/Survey-2-2012__Project 1__IC2__KP130.417-145.077_A__DATA_20120923212128015__20120923212128422@DVR-1_Ch2__287,423,0,1,0,0,0,bur
/media/scratch/astamoulakatos/nsea_video_jpegs/bur/Survey-2-2012__Project 1__IC2__KP145.020-155.882_A__DATA_20121007084607641__20121007084609484@DVR-1_Ch2__200,90,0,1,0,0,0,bur
/media/scratch/astamoulakatos/nsea_video_jpegs/bur/Survey-2-2012__Project 1__IC2__KP130.417-145.077_A__DATA_20120923212128015__20120923212128422@DVR-1_Ch2__274,61,0,1,0,0,0,bur
/media/scratch/astamoulakatos/nsea_video_jpegs/bur/Survey-2-2012__Project 1__IC2__KP130.417-145.077_A__DATA_20120924003102032__20120924003102719@DVR-1_Ch2__18,271,0,1,0,0,0,bur
/media/scratch/astamoulakatos/nsea_video_jpegs/bur/Survey-2-2012__Project 1__IC2__KP145.020-155.882_A__DATA_20121007011736922__20121007011737719@DVR-1_Ch2__6,142,0,1,0,0,0,bur
/media/scratch/astamoulakatos/nsea_video_jpegs/bur/Survey-2-2012__Project 1__IC2__KP145.020-155.882_A__DATA_20121007093537875__20121007093538234@DVR-1_Ch2__156,2197,0,1,0,0,0,bur
/media/scratch/astamoulakatos/nsea_video_jpegs/bur/Survey-2-2012__Project 1__IC2__KP145.020-155.882_A__DATA_20121007093537875__20121007093538234@DVR-1_Ch2__164,897,0,1,0,0,0,bur
/media/scratch/astamoulakatos/nsea_video_jpegs/bur/Survey-2-2012__Project 1__IC2__KP130.417-145.077_A__DATA_20120923200437187__20120923200437828@DVR-1_Ch2__176,558,0,1,0,0,0,bur
/media/scratch/astamoulakatos/nsea_video_jpegs/bur/Survey-2-2012__Project 1__IC2__KP145.020-155.882_A__DATA_20121007074604922__20121007074606750@DVR-1_Ch2__257,84,0,1,0,0,0,bur
/media/scratch/astamoulakatos/nsea_video_jpegs/bur/Survey-2-2012__Project 1__IC2__KP145.020-155.882_A__DATA_20121007021739687__20121007021740469@DVR-1_Ch2__129,1029,0,1,0,0,0,bur
/media/scratch/astamoulakatos/nsea_video_jpegs/bur/Survey-2-2012__Project 1__IC2__KP145.020-155.882_A__DATA_20121007084607641__20121007084609484@DVR-1_Ch2__208,28,0,1,0,0,0,bur
/media/scratch/astamoulakatos/nsea_video_jpegs/bur/Survey-2-2012__Project 1__IC2__KP145.020-155.882_A__DATA_20121007084607641__20121007084609484@DVR-1_Ch2__194,479,0,1,0,0,0,bur
/media/scratch/astamoulakatos/nsea_video_jpegs/bur/Survey-2-2012__Project 1__IC2__KP145.020-155.882_A__DATA_20121007021739687__20121007021740469@DVR-1_Ch2__124,273,0,1,0,0,0,bur
/media/scratch/astamoulakatos/nsea_video_jpegs/bur/Survey-2-2012__Project 1__IC2__KP130.417-145.077_A__DATA_20120923170028719__20120923170030282@DVR-1_Ch2__318,111,0,1,0,0,0,bur
/media/scratch/astamoulakatos/nsea_video_jpegs/bur/Survey-2-2012__Project 1__IC2__KP145.020-155.882_A__DATA_20121007081606000__20121007081607843@DVR-1_Ch2__233,184,0,1,0,0,0,bur
/media/scratch/astamoulakatos/nsea_video_jpegs/bur/Survey-2-2012__Project 1__IC2__KP145.020-155.882_A__DATA_20121007084607641__20121007084609484@DVR-1_Ch2__196,33,0,1,0,0,0,bur
/media/scratch/astamoulakatos/nsea_video_jpegs/bur/Survey-2-2012__Project 1__IC2__KP145.020-155.882_A__DATA_20121007034742078__20121007034742859@DVR-1_Ch2__63,1133,0,1,0,0,0,bur
/media/scratch/astamoulakatos/nsea_video_jpegs/bur/Survey-2-2012__Project 1__IC2__KP130.417-145.077_A__DATA_20120923132307000__20120923132307453@DVR-1_Ch2__36,65,0,1,0,0,0,bur
/media/scratch/astamoulakatos/nsea_video_jpegs/bur/Survey-2-2012__Project 1__IC2__KP145.020-155.882_A__DATA_20121007084607641__20121007084609484@DVR-1_Ch2__174,111,0,1,0,0,0,bur
/media/scratch/astamoulakatos/nsea_video_jpegs/bur/Survey-2-2012__Project 1__IC2__KP145.020-155.882_A__DATA_20121007084607641__20121007084609484@DVR-1_Ch2__197,20,0,1,0,0,0,bur
/media/scratch/astamoulakatos/nsea_video_jpegs/bur/Survey-2-2012__Project 1__IC2__KP145.020-155.882_A__DATA_20121007074604922__20121007074606750@DVR-1_Ch2__258,147,0,1,0,0,0,bur
/media/scratch/astamoulakatos/nsea_video_jpegs/bur/Survey-2-2012__Project 1__IC2__KP145.020-155.882_A__DATA_20121007074604922__20121007074606750@DVR-1_Ch2__255,95,0,1,0,0,0,bur
/media/scratch/astamoulakatos/nsea_video_jpegs/bur/Survey-2-2012__Project 1__IC2__KP130.417-145.077_A__DATA_20120923170028719__20120923170030282@DVR-1_Ch2__323,46,0,1,0,0,0,bur
/media/scratch/astamoulakatos/nsea_video_jpegs/bur/Survey-2-2012__Project 1__IC2__KP145.020-155.882_A__DATA_20121007081606000__20121007081607843@DVR-1_Ch2__230,84,0,1,0,0,0,bur
/media/scratch/astamoulakatos/nsea_video_jpegs/bur/Survey-2-2012__Project 1__IC2__KP145.020-155.882_A__DATA_20121007084607641__20121007084609484@DVR-1_Ch2__198,27,0,1,0,0,0,bur
/media/scratch/astamoulakatos/nsea_video_jpegs/bur/Survey-2-2012__Project 1__IC2__KP130.417-145.077_A__DATA_20120924003102032__20120924003102719@DVR-1_Ch2__15,1023,0,1,0,0,0,bur
/media/scratch/astamoulakatos/nsea_video_jpegs/bur/Survey-2-2012__Project 1__IC2__KP145.020-155.882_A__DATA_20121007084607641__20121007084609484@DVR-1_Ch2__186,157,0,1,0,0,0,bur
/media/scratch/astamoulakatos/nsea_video_jpegs/bur/Survey-2-2012__Project 1__IC2__KP130.417-145.077_A__DATA_20120923132307000__20120923132307453@DVR-1_Ch2__37,26,0,1,0,0,0,bur
/media/scratch/astamoulakatos/nsea_video_jpegs/bur/Survey-2-2012__Project 1__IC2__KP130.417-145.077_A__DATA_20120923212128015__20120923212128422@DVR-1_Ch2__316,90,0,1,0,0,0,bur
/media/scratch/astamoulakatos/nsea_video_jpegs/bur/Survey-2-2012__Project 1__IC2__KP145.020-155.882_A__DATA_20121007061601500__20121007061602312@DVR-1_Ch2__102,237,0,1,0,0,0,bur
/media/scratch/astamoulakatos/nsea_video_jpegs/bur/Survey-2-2012__Project 1__IC2__KP145.020-155.882_A__DATA_20121007093537875__20121007093538234@DVR-1_Ch2__162,1980,0,1,0,0,0,bur
/media/scratch/astamoulakatos/nsea_video_jpegs/bur/Survey-2-2012__Project 1__IC2__KP145.020-155.882_A__DATA_20121007093537875__20121007093538234@DVR-1_Ch2__151,760,0,1,0,0,0,bur
/media/scratch/astamoulakatos/nsea_video_jpegs/bur/Survey-2-2012__Project 1__IC2__KP145.020-155.882_A__DATA_20121007084607641__20121007084609484@DVR-1_Ch2__193,115,0,1,0,0,0,bur
/media/scratch/astamoulakatos/nsea_video_jpegs/bur/Survey-2-2012__Project 1__IC2__KP145.020-155.882_A__DATA_20121007034742078__20121007034742859@DVR-1_Ch2__62,355,0,1,0,0,0,bur
/media/scratch/astamoulakatos/nsea_video_jpegs/bur/Survey-2-2012__Project 1__IC2__KP145.020-155.882_A__DATA_20121007093537875__20121007093538234@DVR-1_Ch2__155,66,0,1,0,0,0,bur
/media/scratch/astamoulakatos/nsea_video_jpegs/bur/Survey-2-2012__Project 1__IC2__KP145.020-155.882_A__DATA_20121007021739687__20121007021740469@DVR-1_Ch2__135,405,0,1,0,0,0,bur
/media/scratch/astamoulakatos/nsea_video_jpegs/bur/Survey-2-2012__Project 1__IC2__KP145.020-155.882_A__DATA_20121007064602625__20121007064604437@DVR-1_Ch2__50,82,0,1,0,0,0,bur
/media/scratch/astamoulakatos/nsea_video_jpegs/bur/Survey-2-2012__Project 1__IC2__KP130.417-145.077_A__DATA_20120923183410234__20120923183410859@DVR-1_Ch2__129,181,0,1,0,0,0,bur
/media/scratch/astamoulakatos/nsea_video_jpegs/bur/Survey-2-2012__Project 1__IC2__KP130.417-145.077_A__DATA_20120923222130797__20120923222131688@DVR-1_Ch2__189,42,0,1,0,0,0,bur
/media/scratch/astamoulakatos/nsea_video_jpegs/bur/Survey-2-2012__Project 1__IC2__KP130.417-145.077_A__DATA_20120923200437187__20120923200437828@DVR-1_Ch2__170,58,0,1,0,0,0,bur
/media/scratch/astamoulakatos/nsea_video_jpegs/bur/Survey-2-2012__Project 1__IC2__KP145.020-155.882_A__DATA_20121007084607641__20121007084609484@DVR-1_Ch2__188,68,0,1,0,0,0,bur
/media/scratch/astamoulakatos/nsea_video_jpegs/bur/Survey-2-2012__Project 1__IC2__KP130.417-145.077_A__DATA_20120923151741031__20120923151743031@DVR-1_Ch2__53,993,0,1,0,0,0,bur
/media/scratch/astamoulakatos/nsea_video_jpegs/bur/Survey-2-2012__Project 1__IC2__KP145.020-155.882_A__DATA_20121007011736922__20121007011737719@DVR-1_Ch2__7,72,0,1,0,0,0,bur
/media/scratch/astamoulakatos/nsea_video_jpegs/bur/Survey-2-2012__Project 1__IC2__KP130.417-145.077_A__DATA_20120923170028719__20120923170030282@DVR-1_Ch2__325,45,0,1,0,0,0,bur
/media/scratch/astamoulakatos/nsea_video_jpegs/bur/Survey-2-2012__Project 1__IC2__KP145.020-155.882_A__DATA_20121007064602625__20121007064604437@DVR-1_Ch2__60,533,0,1,0,0,0,bur
/media/scratch/astamoulakatos/nsea_video_jpegs/bur/Survey-2-2012__Project 1__IC2__KP130.417-145.077_A__DATA_20120923132307000__20120923132307453@DVR-1_Ch2__43,26,0,1,0,0,0,bur
/media/scratch/astamoulakatos/nsea_video_jpegs/bur/Survey-2-2012__Project 1__IC2__KP145.020-155.882_A__DATA_20121007061601500__20121007061602312@DVR-1_Ch2__96,15,0,1,0,0,0,bur
/media/scratch/astamoulakatos/nsea_video_jpegs/bur/Survey-2-2012__Project 1__IC2__KP130.417-145.077_A__DATA_20120923170028719__20120923170030282@DVR-1_Ch2__320,85,0,1,0,0,0,bur
/media/scratch/astamoulakatos/nsea_video_jpegs/bur/Survey-2-2012__Project 1__IC2__KP145.020-155.882_A__DATA_20121007081606000__20121007081607843@DVR-1_Ch2__242,293,0,1,0,0,0,bur
/media/scratch/astamoulakatos/nsea_video_jpegs/bur/Survey-2-2012__Project 1__IC2__KP130.417-145.077_A__DATA_20120923183410234__20120923183410859@DVR-1_Ch2__133,47,0,1,0,0,0,bur
/media/scratch/astamoulakatos/nsea_video_jpegs/bur/Survey-2-2012__Project 1__IC2__KP145.020-155.882_A__DATA_20121007081606000__20121007081607843@DVR-1_Ch2__241,225,0,1,0,0,0,bur
/media/scratch/astamoulakatos/nsea_video_jpegs/bur/Survey-2-2012__Project 1__IC2__KP145.020-155.882_A__DATA_20121007021739687__20121007021740469@DVR-1_Ch2__128,138,0,1,0,0,0,bur
/media/scratch/astamoulakatos/nsea_video_jpegs/bur/Survey-2-2012__Project 1__IC2__KP145.020-155.882_A__DATA_20121007084607641__20121007084609484@DVR-1_Ch2__182,114,0,1,0,0,0,bur
/media/scratch/astamoulakatos/nsea_video_jpegs/bur/Survey-2-2012__Project 1__IC2__KP130.417-145.077_A__DATA_20120923222130797__20120923222131688@DVR-1_Ch2__201,32,0,1,0,0,0,bur
/media/scratch/astamoulakatos/nsea_video_jpegs/bur/Survey-2-2012__Project 1__IC2__KP145.020-155.882_A__DATA_20121007093537875__20121007093538234@DVR-1_Ch2__154,502,0,1,0,0,0,bur
/media/scratch/astamoulakatos/nsea_video_jpegs/bur/Survey-2-2012__Project 1__IC2__KP145.020-155.882_A__DATA_20121007100538579__20121007100539375@DVR-1_Ch2__248,132,0,1,0,0,0,bur
/media/scratch/astamoulakatos/nsea_video_jpegs/bur/Survey-2-2012__Project 1__IC2__KP145.020-155.882_A__DATA_20121007034742078__20121007034742859@DVR-1_Ch2__65,672,0,1,0,0,0,bur
/media/scratch/astamoulakatos/nsea_video_jpegs/bur/Survey-2-2012__Project 1__IC2__KP145.020-155.882_A__DATA_20121007061601500__20121007061602312@DVR-1_Ch2__100,618,0,1,0,0,0,bur
/media/scratch/astamoulakatos/nsea_video_jpegs/bur/Survey-2-2012__Project 1__IC2__KP145.020-155.882_A__DATA_20121007074604922__20121007074606750@DVR-1_Ch2__254,297,0,1,0,0,0,bur
/media/scratch/astamoulakatos/nsea_video_jpegs/bur/Survey-2-2012__Project 1__IC2__KP145.020-155.882_A__DATA_20121007084607641__20121007084609484@DVR-1_Ch2__183,24,0,1,0,0,0,bur
/media/scratch/astamoulakatos/nsea_video_jpegs/bur/Survey-2-2012__Project 1__IC2__KP145.020-155.882_A__DATA_20121007084607641__20121007084609484@DVR-1_Ch2__175,556,0,1,0,0,0,bur
/media/scratch/astamoulakatos/nsea_video_jpegs/bur/Survey-2-2012__Project 1__IC2__KP145.020-155.882_A__DATA_20121007081606000__20121007081607843@DVR-1_Ch2__223,412,0,1,0,0,0,bur
/media/scratch/astamoulakatos/nsea_video_jpegs/bur/Survey-2-2012__Project 1__IC2__KP130.417-145.077_A__DATA_20120923132307000__20120923132307453@DVR-1_Ch2__38,54,0,1,0,0,0,bur
/media/scratch/astamoulakatos/nsea_video_jpegs/bur/Survey-2-2012__Project 1__IC2__KP145.020-155.882_A__DATA_20121007034742078__20121007034742859@DVR-1_Ch2__80,35,0,1,0,0,0,bur
/media/scratch/astamoulakatos/nsea_video_jpegs/bur/Survey-2-2012__Project 1__IC2__KP145.020-155.882_A__DATA_20121007093537875__20121007093538234@DVR-1_Ch2__157,112,0,1,0,0,0,bur
/media/scratch/astamoulakatos/nsea_video_jpegs/bur/Survey-2-2012__Project 1__IC2__KP145.020-155.882_A__DATA_20121007081606000__20121007081607843@DVR-1_Ch2__220,574,0,1,0,0,0,bur
/media/scratch/astamoulakatos/nsea_video_jpegs/bur/Survey-2-2012__Project 1__IC2__KP145.020-155.882_A__DATA_20121007081606000__20121007081607843@DVR-1_Ch2__218,169,0,1,0,0,0,bur
/media/scratch/astamoulakatos/nsea_video_jpegs/bur/Survey-2-2012__Project 1__IC2__KP145.020-155.882_A__DATA_20121007061601500__20121007061602312@DVR-1_Ch2__94,73,0,1,0,0,0,bur
/media/scratch/astamoulakatos/nsea_video_jpegs/bur/Survey-2-2012__Project 1__IC2__KP145.020-155.882_A__DATA_20121007011736922__20121007011737719@DVR-1_Ch2__15,133,0,1,0,0,0,bur
/media/scratch/astamoulakatos/nsea_video_jpegs/bur/Survey-2-2012__Project 1__IC2__KP145.020-155.882_A__DATA_20121007034742078__20121007034742859@DVR-1_Ch2__79,1235,0,1,0,0,0,bur
/media/scratch/astamoulakatos/nsea_video_jpegs/bur/Survey-2-2012__Project 1__IC2__KP145.020-155.882_A__DATA_20121007011736922__20121007011737719@DVR-1_Ch2__17,165,0,1,0,0,0,bur
/media/scratch/astamoulakatos/nsea_video_jpegs/bur/Survey-2-2012__Project 1__IC2__KP145.020-155.882_A__DATA_20121007061601500__20121007061602312@DVR-1_Ch2__97,589,0,1,0,0,0,bur
/media/scratch/astamoulakatos/nsea_video_jpegs/bur/Survey-2-2012__Project 1__IC2__KP145.020-155.882_A__DATA_20121007044745828__20121007044746610@DVR-1_Ch2__217,227,0,1,0,0,0,bur
/media/scratch/astamoulakatos/nsea_video_jpegs/bur/Survey-2-2012__Project 1__IC2__KP130.417-145.077_A__DATA_20120923170028719__20120923170030282@DVR-1_Ch2__322,54,0,1,0,0,0,bur
/media/scratch/astamoulakatos/nsea_video_jpegs/bur/Survey-2-2012__Project 1__IC2__KP145.020-155.882_A__DATA_20121007064602625__20121007064604437@DVR-1_Ch2__41,65,0,1,0,0,0,bur
/media/scratch/astamoulakatos/nsea_video_jpegs/bur/Survey-2-2012__Project 1__IC2__KP130.417-145.077_A__DATA_20120923174713579__20120923174714157@DVR-1_Ch2__67,19,0,1,0,0,0,bur
/media/scratch/astamoulakatos/nsea_video_jpegs/bur/Survey-2-2012__Project 1__IC2__KP145.020-155.882_A__DATA_20121007074604922__20121007074606750@DVR-1_Ch2__259,192,0,1,0,0,0,bur
/media/scratch/astamoulakatos/nsea_video_jpegs/bur/Survey-2-2012__Project 1__IC2__KP130.417-145.077_A__DATA_20120923212128015__20120923212128422@DVR-1_Ch2__272,178,0,1,0,0,0,bur
/media/scratch/astamoulakatos/nsea_video_jpegs/bur/Survey-2-2012__Project 1__IC2__KP145.020-155.882_A__DATA_20121007034742078__20121007034742859@DVR-1_Ch2__75,45,0,1,0,0,0,bur
/media/scratch/astamoulakatos/nsea_video_jpegs/bur/Survey-2-2012__Project 1__IC2__KP130.417-145.077_A__DATA_20120923170028719__20120923170030282@DVR-1_Ch2__321,312,0,1,0,0,0,bur
/media/scratch/astamoulakatos/nsea_video_jpegs/bur/Survey-2-2012__Project 1__IC2__KP130.417-145.077_A__DATA_20120923105912781__20120923105913093@DVR-1_Ch2__70,36,0,1,0,0,0,bur
/media/scratch/astamoulakatos/nsea_video_jpegs/bur/Survey-2-2012__Project 1__IC2__KP145.020-155.882_A__DATA_20121007093537875__20121007093538234@DVR-1_Ch2__167,329,0,1,0,0,0,bur
/media/scratch/astamoulakatos/nsea_video_jpegs/bur/Survey-2-2012__Project 1__IC2__KP130.417-145.077_A__DATA_20120924003102032__20120924003102719@DVR-1_Ch2__19,414,0,1,0,0,0,bur
/media/scratch/astamoulakatos/nsea_video_jpegs/bur/Survey-2-2012__Project 1__IC2__KP130.417-145.077_A__DATA_20120924003102032__20120924003102719@DVR-1_Ch2__22,277,0,1,0,0,0,bur
/media/scratch/astamoulakatos/nsea_video_jpegs/bur/Survey-2-2012__Project 1__IC2__KP145.020-155.882_A__DATA_20121007084607641__20121007084609484@DVR-1_Ch2__189,96,0,1,0,0,0,bur
/media/scratch/astamoulakatos/nsea_video_jpegs/bur/Survey-2-2012__Project 1__IC2__KP130.417-145.077_A__DATA_20120923222130797__20120923222131688@DVR-1_Ch2__197,16,0,1,0,0,0,bur
/media/scratch/astamoulakatos/nsea_video_jpegs/bur/Survey-2-2012__Project 1__IC2__KP145.020-155.882_A__DATA_20121007084607641__20121007084609484@DVR-1_Ch2__202,502,0,1,0,0,0,bur
/media/scratch/astamoulakatos/nsea_video_jpegs/bur/Survey-2-2012__Project 1__IC2__KP130.417-145.077_A__DATA_20120923212128015__20120923212128422@DVR-1_Ch2__276,168,0,1,0,0,0,bur
/media/scratch/astamoulakatos/nsea_video_jpegs/bur/Survey-2-2012__Project 1__IC2__KP145.020-155.882_A__DATA_20121007084607641__20121007084609484@DVR-1_Ch2__207,32,0,1,0,0,0,bur
/media/scratch/astamoulakatos/nsea_video_jpegs/bur/Survey-2-2012__Project 1__IC2__KP145.020-155.882_A__DATA_20121007011736922__20121007011737719@DVR-1_Ch2__16,467,0,1,0,0,0,bur
